Investment, RootNode, BuildGen, 'C-Biomass_IGCC':2020, 0.0
Investment, RootNode, BuildGen, 'C-Biomass_IGCC':2030, 0.0
Investment, RootNode, BuildGen, 'C-Central_PV-1':2020, 0.0
Investment, RootNode, BuildGen, 'C-Central_PV-1':2030, 0.0
Investment, RootNode, BuildGen, 'C-Central_PV-2':2020, 0.0
Investment, RootNode, BuildGen, 'C-Central_PV-2':2030, 0.0
Investment, RootNode, BuildGen, 'C-Coal_IGCC':2020, 0.0
Investment, RootNode, BuildGen, 'C-Coal_IGCC':2030, 0.0
Investment, RootNode, BuildGen, 'C-Coal_ST':1985, 2.0
Investment, RootNode, BuildGen, 'C-Commercial_PV':2020, 0.0
Investment, RootNode, BuildGen, 'C-Commercial_PV':2030, 0.0
Investment, RootNode, BuildGen, 'C-NG_CC':2005, 2.0
Investment, RootNode, BuildGen, 'C-NG_CC':2020, 1.34583103379
Investment, RootNode, BuildGen, 'C-NG_CC':2030, 5.26476867287
Investment, RootNode, BuildGen, 'C-NG_GT':2005, 2.0
Investment, RootNode, BuildGen, 'C-NG_GT':2020, 0.0
Investment, RootNode, BuildGen, 'C-NG_GT':2030, 0.0
Investment, RootNode, BuildGen, 'C-Nuclear':2030, 0.0
Investment, RootNode, BuildGen, 'C-Residential_PV':2020, 0.0
Investment, RootNode, BuildGen, 'C-Residential_PV':2030, 0.0
Investment, RootNode, BuildGen, 'C-Wind-1':2020, 0.0
Investment, RootNode, BuildGen, 'C-Wind-1':2030, 4.0
Investment, RootNode, BuildGen, 'C-Wind-2':2020, 0.0
Investment, RootNode, BuildGen, 'C-Wind-2':2030, 3.0
Investment, RootNode, BuildGen, 'N-Biomass_IGCC':2020, 0.0
Investment, RootNode, BuildGen, 'N-Biomass_IGCC':2030, 0.0
Investment, RootNode, BuildGen, 'N-Biomass_IGCC_CCS':2030, 0.0
Investment, RootNode, BuildGen, 'N-Central_PV-1':2020, 0.0
Investment, RootNode, BuildGen, 'N-Central_PV-1':2030, 0.0
Investment, RootNode, BuildGen, 'N-Central_PV-2':2020, 0.0
Investment, RootNode, BuildGen, 'N-Central_PV-2':2030, 0.0
Investment, RootNode, BuildGen, 'N-Coal_IGCC':2020, 0.0
Investment, RootNode, BuildGen, 'N-Coal_IGCC':2030, 0.0
Investment, RootNode, BuildGen, 'N-Coal_IGCC_CCS':2030, 0.0
Investment, RootNode, BuildGen, 'N-Coal_ST':1995, 2.0
Investment, RootNode, BuildGen, 'N-Commercial_PV':2020, 0.0
Investment, RootNode, BuildGen, 'N-Commercial_PV':2030, 0.0
Investment, RootNode, BuildGen, 'N-Geothermal':2000, 0.999999999999
Investment, RootNode, BuildGen, 'N-Geothermal':2020, 0.0
Investment, RootNode, BuildGen, 'N-Geothermal':2030, 0.0
Investment, RootNode, BuildGen, 'N-NG_CC':2008, 2.0
Investment, RootNode, BuildGen, 'N-NG_CC':2020, 0.0
Investment, RootNode, BuildGen, 'N-NG_CC':2030, 0.0
Investment, RootNode, BuildGen, 'N-NG_CC_CCS':2030, 0.0
Investment, RootNode, BuildGen, 'N-NG_GT':2009, 2.0
Investment, RootNode, BuildGen, 'N-NG_GT':2020, 0.0
Investment, RootNode, BuildGen, 'N-NG_GT':2030, 0.0
Investment, RootNode, BuildGen, 'N-Nuclear':2030, 0.0
Investment, RootNode, BuildGen, 'N-Residential_PV':2020, 0.0
Investment, RootNode, BuildGen, 'N-Residential_PV':2030, 0.0
Investment, RootNode, BuildGen, 'N-Wind-1':2020, 0.0
Investment, RootNode, BuildGen, 'N-Wind-1':2030, 4.0
Investment, RootNode, BuildGen, 'N-Wind-2':2020, 0.0
Investment, RootNode, BuildGen, 'N-Wind-2':2030, 0.999999999999
Investment, RootNode, BuildGen, 'S-Biomass_IGCC':2020, 0.0
Investment, RootNode, BuildGen, 'S-Biomass_IGCC':2030, 0.0
Investment, RootNode, BuildGen, 'S-Biomass_IGCC_CCS':2030, 0.0
Investment, RootNode, BuildGen, 'S-Central_PV-1':2020, 0.0
Investment, RootNode, BuildGen, 'S-Central_PV-1':2030, 0.0
Investment, RootNode, BuildGen, 'S-Central_PV-2':2020, 0.0
Investment, RootNode, BuildGen, 'S-Central_PV-2':2030, 0.0
Investment, RootNode, BuildGen, 'S-Commercial_PV':2020, 0.0
Investment, RootNode, BuildGen, 'S-Commercial_PV':2030, 0.0
Investment, RootNode, BuildGen, 'S-Geothermal':1998, 3.0
Investment, RootNode, BuildGen, 'S-Geothermal':2020, 0.0
Investment, RootNode, BuildGen, 'S-Geothermal':2030, 0.0
Investment, RootNode, BuildGen, 'S-NG_CC':2000, 5.0
Investment, RootNode, BuildGen, 'S-NG_CC':2020, 0.0
Investment, RootNode, BuildGen, 'S-NG_CC':2030, 0.642997396083
Investment, RootNode, BuildGen, 'S-NG_CC_CCS':2030, 0.0
Investment, RootNode, BuildGen, 'S-NG_GT':1990, 3.0
Investment, RootNode, BuildGen, 'S-NG_GT':2002, 2.0
Investment, RootNode, BuildGen, 'S-NG_GT':2020, 0.0
Investment, RootNode, BuildGen, 'S-NG_GT':2030, 0.0
Investment, RootNode, BuildGen, 'S-Residential_PV':2020, 0.0
Investment, RootNode, BuildGen, 'S-Residential_PV':2030, 0.0
Investment, RootNode, BuildLocalTD, 'Central':2020, 0.723864836325
Investment, RootNode, BuildLocalTD, 'Central':2030, 2.11193241816
Investment, RootNode, BuildLocalTD, 'Central':'Legacy', 3.5
Investment, RootNode, BuildLocalTD, 'North':2020, 0.835797254487
Investment, RootNode, BuildLocalTD, 'North':2030, 2.11193241816
Investment, RootNode, BuildLocalTD, 'North':'Legacy', 5.49999999999
Investment, RootNode, BuildLocalTD, 'South':2020, 1.05966209081
Investment, RootNode, BuildLocalTD, 'South':2030, 2.11193241816
Investment, RootNode, BuildLocalTD, 'South':'Legacy', 9.49999999999
Investment, RootNode, BuildTx, 'C-S':2020, 0.0
Investment, RootNode, BuildTx, 'C-S':2030, 2.42511656227
Investment, RootNode, BuildTx, 'C-S':'Legacy', 5.99999999999
Investment, RootNode, BuildTx, 'N-C':2020, 0.0
Investment, RootNode, BuildTx, 'N-C':2030, 0.0
Investment, RootNode, BuildTx, 'N-C':'Legacy', 3.0
Operation, HighFuelCosts, DispatchGen, 'C-Biomass_IGCC':1, 0.0
Operation, HighFuelCosts, DispatchGen, 'C-Biomass_IGCC':2, 0.0
Operation, HighFuelCosts, DispatchGen, 'C-Biomass_IGCC':3, 0.0
Operation, HighFuelCosts, DispatchGen, 'C-Biomass_IGCC':4, 0.0
Operation, HighFuelCosts, DispatchGen, 'C-Biomass_IGCC':5, 0.0
Operation, HighFuelCosts, DispatchGen, 'C-Biomass_IGCC':6, 0.0
Operation, HighFuelCosts, DispatchGen, 'C-Biomass_IGCC':7, 0.0
Operation, HighFuelCosts, DispatchGen, 'C-Central_PV-1':1, 0.0
Operation, HighFuelCosts, DispatchGen, 'C-Central_PV-1':2, 0.0
Operation, HighFuelCosts, DispatchGen, 'C-Central_PV-1':3, 0.0
Operation, HighFuelCosts, DispatchGen, 'C-Central_PV-1':4, 0.0
Operation, HighFuelCosts, DispatchGen, 'C-Central_PV-1':5, 0.0
Operation, HighFuelCosts, DispatchGen, 'C-Central_PV-1':6, 0.0
Operation, HighFuelCosts, DispatchGen, 'C-Central_PV-1':7, 0.0
Operation, HighFuelCosts, DispatchGen, 'C-Central_PV-2':1, 0.0
Operation, HighFuelCosts, DispatchGen, 'C-Central_PV-2':2, 0.0
Operation, HighFuelCosts, DispatchGen, 'C-Central_PV-2':3, 0.0
Operation, HighFuelCosts, DispatchGen, 'C-Central_PV-2':4, 0.0
Operation, HighFuelCosts, DispatchGen, 'C-Central_PV-2':5, 0.0
Operation, HighFuelCosts, DispatchGen, 'C-Central_PV-2':6, 0.0
Operation, HighFuelCosts, DispatchGen, 'C-Central_PV-2':7, 0.0
Operation, HighFuelCosts, DispatchGen, 'C-Coal_IGCC':1, 0.0
Operation, HighFuelCosts, DispatchGen, 'C-Coal_IGCC':2, 0.0
Operation, HighFuelCosts, DispatchGen, 'C-Coal_IGCC':3, 0.0
Operation, HighFuelCosts, DispatchGen, 'C-Coal_IGCC':4, 0.0
Operation, HighFuelCosts, DispatchGen, 'C-Coal_IGCC':5, 0.0
Operation, HighFuelCosts, DispatchGen, 'C-Coal_IGCC':6, 0.0
Operation, HighFuelCosts, DispatchGen, 'C-Coal_IGCC':7, 0.0
Operation, HighFuelCosts, DispatchGen, 'C-Coal_ST':1, 1.8
Operation, HighFuelCosts, DispatchGen, 'C-Coal_ST':2, 1.8
Operation, HighFuelCosts, DispatchGen, 'C-Coal_ST':3, 1.8
Operation, HighFuelCosts, DispatchGen, 'C-Coal_ST':4, 1.8
Operation, HighFuelCosts, DispatchGen, 'C-Coal_ST':5, 1.8
Operation, HighFuelCosts, DispatchGen, 'C-Coal_ST':6, 1.8
Operation, HighFuelCosts, DispatchGen, 'C-Coal_ST':7, 0.0
Operation, HighFuelCosts, DispatchGen, 'C-Commercial_PV':1, 0.0
Operation, HighFuelCosts, DispatchGen, 'C-Commercial_PV':2, 0.0
Operation, HighFuelCosts, DispatchGen, 'C-Commercial_PV':3, 0.0
Operation, HighFuelCosts, DispatchGen, 'C-Commercial_PV':4, 0.0
Operation, HighFuelCosts, DispatchGen, 'C-Commercial_PV':5, 0.0
Operation, HighFuelCosts, DispatchGen, 'C-Commercial_PV':6, 0.0
Operation, HighFuelCosts, DispatchGen, 'C-Commercial_PV':7, 0.0
Operation, HighFuelCosts, DispatchGen, 'C-NG_CC':1, 2.76462736465
Operation, HighFuelCosts, DispatchGen, 'C-NG_CC':2, 1.36789862724
Operation, HighFuelCosts, DispatchGen, 'C-NG_CC':3, 2.10904834318
Operation, HighFuelCosts, DispatchGen, 'C-NG_CC':4, 1.68468848997
Operation, HighFuelCosts, DispatchGen, 'C-NG_CC':5, 2.26362992794
Operation, HighFuelCosts, DispatchGen, 'C-NG_CC':6, 3.14508117177
Operation, HighFuelCosts, DispatchGen, 'C-NG_CC':7, 6.21396372427
Operation, HighFuelCosts, DispatchGen, 'C-NG_GT':1, 0.0
Operation, HighFuelCosts, DispatchGen, 'C-NG_GT':2, 0.0
Operation, HighFuelCosts, DispatchGen, 'C-NG_GT':3, 0.0
Operation, HighFuelCosts, DispatchGen, 'C-NG_GT':4, 0.0
Operation, HighFuelCosts, DispatchGen, 'C-NG_GT':5, 0.0
Operation, HighFuelCosts, DispatchGen, 'C-NG_GT':6, 0.421251580318
Operation, HighFuelCosts, DispatchGen, 'C-NG_GT':7, 0.0
Operation, HighFuelCosts, DispatchGen, 'C-Nuclear':1, 0.0
Operation, HighFuelCosts, DispatchGen, 'C-Nuclear':2, 0.0
Operation, HighFuelCosts, DispatchGen, 'C-Nuclear':3, 0.0
Operation, HighFuelCosts, DispatchGen, 'C-Nuclear':4, 0.0
Operation, HighFuelCosts, DispatchGen, 'C-Nuclear':5, 0.0
Operation, HighFuelCosts, DispatchGen, 'C-Nuclear':6, 0.0
Operation, HighFuelCosts, DispatchGen, 'C-Nuclear':7, 0.0
Operation, HighFuelCosts, DispatchGen, 'C-Residential_PV':1, 0.0
Operation, HighFuelCosts, DispatchGen, 'C-Residential_PV':2, 0.0
Operation, HighFuelCosts, DispatchGen, 'C-Residential_PV':3, 0.0
Operation, HighFuelCosts, DispatchGen, 'C-Residential_PV':4, 0.0
Operation, HighFuelCosts, DispatchGen, 'C-Residential_PV':5, 0.0
Operation, HighFuelCosts, DispatchGen, 'C-Residential_PV':6, 0.0
Operation, HighFuelCosts, DispatchGen, 'C-Residential_PV':7, 0.0
Operation, HighFuelCosts, DispatchGen, 'C-Wind-1':1, 0.0
Operation, HighFuelCosts, DispatchGen, 'C-Wind-1':2, 0.0
Operation, HighFuelCosts, DispatchGen, 'C-Wind-1':3, 0.0
Operation, HighFuelCosts, DispatchGen, 'C-Wind-1':4, 0.0
Operation, HighFuelCosts, DispatchGen, 'C-Wind-1':5, 0.0
Operation, HighFuelCosts, DispatchGen, 'C-Wind-1':6, 0.0
Operation, HighFuelCosts, DispatchGen, 'C-Wind-1':7, 3.1808
Operation, HighFuelCosts, DispatchGen, 'C-Wind-2':1, 0.0
Operation, HighFuelCosts, DispatchGen, 'C-Wind-2':2, 0.0
Operation, HighFuelCosts, DispatchGen, 'C-Wind-2':3, 0.0
Operation, HighFuelCosts, DispatchGen, 'C-Wind-2':4, 0.0
Operation, HighFuelCosts, DispatchGen, 'C-Wind-2':5, 0.0
Operation, HighFuelCosts, DispatchGen, 'C-Wind-2':6, 0.0
Operation, HighFuelCosts, DispatchGen, 'C-Wind-2':7, 2.56452
Operation, HighFuelCosts, DispatchGen, 'N-Biomass_IGCC':1, 0.0
Operation, HighFuelCosts, DispatchGen, 'N-Biomass_IGCC':2, 0.0
Operation, HighFuelCosts, DispatchGen, 'N-Biomass_IGCC':3, 0.0
Operation, HighFuelCosts, DispatchGen, 'N-Biomass_IGCC':4, 0.0
Operation, HighFuelCosts, DispatchGen, 'N-Biomass_IGCC':5, 0.0
Operation, HighFuelCosts, DispatchGen, 'N-Biomass_IGCC':6, 0.0
Operation, HighFuelCosts, DispatchGen, 'N-Biomass_IGCC':7, 0.0
Operation, HighFuelCosts, DispatchGen, 'N-Biomass_IGCC_CCS':1, 0.0
Operation, HighFuelCosts, DispatchGen, 'N-Biomass_IGCC_CCS':2, 0.0
Operation, HighFuelCosts, DispatchGen, 'N-Biomass_IGCC_CCS':3, 0.0
Operation, HighFuelCosts, DispatchGen, 'N-Biomass_IGCC_CCS':4, 0.0
Operation, HighFuelCosts, DispatchGen, 'N-Biomass_IGCC_CCS':5, 0.0
Operation, HighFuelCosts, DispatchGen, 'N-Biomass_IGCC_CCS':6, 0.0
Operation, HighFuelCosts, DispatchGen, 'N-Biomass_IGCC_CCS':7, 0.0
Operation, HighFuelCosts, DispatchGen, 'N-Central_PV-1':1, 0.0
Operation, HighFuelCosts, DispatchGen, 'N-Central_PV-1':2, 0.0
Operation, HighFuelCosts, DispatchGen, 'N-Central_PV-1':3, 0.0
Operation, HighFuelCosts, DispatchGen, 'N-Central_PV-1':4, 0.0
Operation, HighFuelCosts, DispatchGen, 'N-Central_PV-1':5, 0.0
Operation, HighFuelCosts, DispatchGen, 'N-Central_PV-1':6, 0.0
Operation, HighFuelCosts, DispatchGen, 'N-Central_PV-1':7, 0.0
Operation, HighFuelCosts, DispatchGen, 'N-Central_PV-2':1, 0.0
Operation, HighFuelCosts, DispatchGen, 'N-Central_PV-2':2, 0.0
Operation, HighFuelCosts, DispatchGen, 'N-Central_PV-2':3, 0.0
Operation, HighFuelCosts, DispatchGen, 'N-Central_PV-2':4, 0.0
Operation, HighFuelCosts, DispatchGen, 'N-Central_PV-2':5, 0.0
Operation, HighFuelCosts, DispatchGen, 'N-Central_PV-2':6, 0.0
Operation, HighFuelCosts, DispatchGen, 'N-Central_PV-2':7, 0.0
Operation, HighFuelCosts, DispatchGen, 'N-Coal_IGCC':1, 0.0
Operation, HighFuelCosts, DispatchGen, 'N-Coal_IGCC':2, 0.0
Operation, HighFuelCosts, DispatchGen, 'N-Coal_IGCC':3, 0.0
Operation, HighFuelCosts, DispatchGen, 'N-Coal_IGCC':4, 0.0
Operation, HighFuelCosts, DispatchGen, 'N-Coal_IGCC':5, 0.0
Operation, HighFuelCosts, DispatchGen, 'N-Coal_IGCC':6, 0.0
Operation, HighFuelCosts, DispatchGen, 'N-Coal_IGCC':7, 0.0
Operation, HighFuelCosts, DispatchGen, 'N-Coal_IGCC_CCS':1, 0.0
Operation, HighFuelCosts, DispatchGen, 'N-Coal_IGCC_CCS':2, 0.0
Operation, HighFuelCosts, DispatchGen, 'N-Coal_IGCC_CCS':3, 0.0
Operation, HighFuelCosts, DispatchGen, 'N-Coal_IGCC_CCS':4, 0.0
Operation, HighFuelCosts, DispatchGen, 'N-Coal_IGCC_CCS':5, 0.0
Operation, HighFuelCosts, DispatchGen, 'N-Coal_IGCC_CCS':6, 0.0
Operation, HighFuelCosts, DispatchGen, 'N-Coal_IGCC_CCS':7, 0.0
Operation, HighFuelCosts, DispatchGen, 'N-Coal_ST':1, 1.8
Operation, HighFuelCosts, DispatchGen, 'N-Coal_ST':2, 1.8
Operation, HighFuelCosts, DispatchGen, 'N-Coal_ST':3, 1.8
Operation, HighFuelCosts, DispatchGen, 'N-Coal_ST':4, 1.8
Operation, HighFuelCosts, DispatchGen, 'N-Coal_ST':5, 1.8
Operation, HighFuelCosts, DispatchGen, 'N-Coal_ST':6, 1.8
Operation, HighFuelCosts, DispatchGen, 'N-Coal_ST':7, 0.44092349506
Operation, HighFuelCosts, DispatchGen, 'N-Commercial_PV':1, 0.0
Operation, HighFuelCosts, DispatchGen, 'N-Commercial_PV':2, 0.0
Operation, HighFuelCosts, DispatchGen, 'N-Commercial_PV':3, 0.0
Operation, HighFuelCosts, DispatchGen, 'N-Commercial_PV':4, 0.0
Operation, HighFuelCosts, DispatchGen, 'N-Commercial_PV':5, 0.0
Operation, HighFuelCosts, DispatchGen, 'N-Commercial_PV':6, 0.0
Operation, HighFuelCosts, DispatchGen, 'N-Commercial_PV':7, 0.0
Operation, HighFuelCosts, DispatchGen, 'N-Geothermal':1, 0.96858075
Operation, HighFuelCosts, DispatchGen, 'N-Geothermal':2, 0.96858075
Operation, HighFuelCosts, DispatchGen, 'N-Geothermal':3, 0.96858075
Operation, HighFuelCosts, DispatchGen, 'N-Geothermal':4, 0.96858075
Operation, HighFuelCosts, DispatchGen, 'N-Geothermal':5, 0.96858075
Operation, HighFuelCosts, DispatchGen, 'N-Geothermal':6, 0.96858075
Operation, HighFuelCosts, DispatchGen, 'N-Geothermal':7, 0.96858075
Operation, HighFuelCosts, DispatchGen, 'N-NG_CC':1, 1.88
Operation, HighFuelCosts, DispatchGen, 'N-NG_CC':2, 1.45528408633
Operation, HighFuelCosts, DispatchGen, 'N-NG_CC':3, 1.88
Operation, HighFuelCosts, DispatchGen, 'N-NG_CC':4, 1.66647732814
Operation, HighFuelCosts, DispatchGen, 'N-NG_CC':5, 1.45528408633
Operation, HighFuelCosts, DispatchGen, 'N-NG_CC':6, 1.88
Operation, HighFuelCosts, DispatchGen, 'N-NG_CC':7, 1.88
Operation, HighFuelCosts, DispatchGen, 'N-NG_CC_CCS':1, 0.0
Operation, HighFuelCosts, DispatchGen, 'N-NG_CC_CCS':2, 0.0
Operation, HighFuelCosts, DispatchGen, 'N-NG_CC_CCS':3, 0.0
Operation, HighFuelCosts, DispatchGen, 'N-NG_CC_CCS':4, 0.0
Operation, HighFuelCosts, DispatchGen, 'N-NG_CC_CCS':5, 0.0
Operation, HighFuelCosts, DispatchGen, 'N-NG_CC_CCS':6, 0.0
Operation, HighFuelCosts, DispatchGen, 'N-NG_CC_CCS':7, 0.0
Operation, HighFuelCosts, DispatchGen, 'N-NG_GT':1, 0.0
Operation, HighFuelCosts, DispatchGen, 'N-NG_GT':2, 0.0
Operation, HighFuelCosts, DispatchGen, 'N-NG_GT':3, 0.0
Operation, HighFuelCosts, DispatchGen, 'N-NG_GT':4, 0.0
Operation, HighFuelCosts, DispatchGen, 'N-NG_GT':5, 0.0
Operation, HighFuelCosts, DispatchGen, 'N-NG_GT':6, 1.68721650449
Operation, HighFuelCosts, DispatchGen, 'N-NG_GT':7, 0.0
Operation, HighFuelCosts, DispatchGen, 'N-Nuclear':1, 0.0
Operation, HighFuelCosts, DispatchGen, 'N-Nuclear':2, 0.0
Operation, HighFuelCosts, DispatchGen, 'N-Nuclear':3, 0.0
Operation, HighFuelCosts, DispatchGen, 'N-Nuclear':4, 0.0
Operation, HighFuelCosts, DispatchGen, 'N-Nuclear':5, 0.0
Operation, HighFuelCosts, DispatchGen, 'N-Nuclear':6, 0.0
Operation, HighFuelCosts, DispatchGen, 'N-Nuclear':7, 0.0
Operation, HighFuelCosts, DispatchGen, 'N-Residential_PV':1, 0.0
Operation, HighFuelCosts, DispatchGen, 'N-Residential_PV':2, 0.0
Operation, HighFuelCosts, DispatchGen, 'N-Residential_PV':3, 0.0
Operation, HighFuelCosts, DispatchGen, 'N-Residential_PV':4, 0.0
Operation, HighFuelCosts, DispatchGen, 'N-Residential_PV':5, 0.0
Operation, HighFuelCosts, DispatchGen, 'N-Residential_PV':6, 0.0
Operation, HighFuelCosts, DispatchGen, 'N-Residential_PV':7, 0.0
Operation, HighFuelCosts, DispatchGen, 'N-Wind-1':1, 0.0
Operation, HighFuelCosts, DispatchGen, 'N-Wind-1':2, 0.0
Operation, HighFuelCosts, DispatchGen, 'N-Wind-1':3, 0.0
Operation, HighFuelCosts, DispatchGen, 'N-Wind-1':4, 0.0
Operation, HighFuelCosts, DispatchGen, 'N-Wind-1':5, 0.0
Operation, HighFuelCosts, DispatchGen, 'N-Wind-1':6, 0.0
Operation, HighFuelCosts, DispatchGen, 'N-Wind-1':7, 3.1808
Operation, HighFuelCosts, DispatchGen, 'N-Wind-2':1, 0.0
Operation, HighFuelCosts, DispatchGen, 'N-Wind-2':2, 0.0
Operation, HighFuelCosts, DispatchGen, 'N-Wind-2':3, 0.0
Operation, HighFuelCosts, DispatchGen, 'N-Wind-2':4, 0.0
Operation, HighFuelCosts, DispatchGen, 'N-Wind-2':5, 0.0
Operation, HighFuelCosts, DispatchGen, 'N-Wind-2':6, 0.0
Operation, HighFuelCosts, DispatchGen, 'N-Wind-2':7, 0.86478
Operation, HighFuelCosts, DispatchGen, 'S-Biomass_IGCC':1, 0.0
Operation, HighFuelCosts, DispatchGen, 'S-Biomass_IGCC':2, 0.0
Operation, HighFuelCosts, DispatchGen, 'S-Biomass_IGCC':3, 0.0
Operation, HighFuelCosts, DispatchGen, 'S-Biomass_IGCC':4, 0.0
Operation, HighFuelCosts, DispatchGen, 'S-Biomass_IGCC':5, 0.0
Operation, HighFuelCosts, DispatchGen, 'S-Biomass_IGCC':6, 0.0
Operation, HighFuelCosts, DispatchGen, 'S-Biomass_IGCC':7, 0.0
Operation, HighFuelCosts, DispatchGen, 'S-Biomass_IGCC_CCS':1, 0.0
Operation, HighFuelCosts, DispatchGen, 'S-Biomass_IGCC_CCS':2, 0.0
Operation, HighFuelCosts, DispatchGen, 'S-Biomass_IGCC_CCS':3, 0.0
Operation, HighFuelCosts, DispatchGen, 'S-Biomass_IGCC_CCS':4, 0.0
Operation, HighFuelCosts, DispatchGen, 'S-Biomass_IGCC_CCS':5, 0.0
Operation, HighFuelCosts, DispatchGen, 'S-Biomass_IGCC_CCS':6, 0.0
Operation, HighFuelCosts, DispatchGen, 'S-Biomass_IGCC_CCS':7, 0.0
Operation, HighFuelCosts, DispatchGen, 'S-Central_PV-1':1, 0.0
Operation, HighFuelCosts, DispatchGen, 'S-Central_PV-1':2, 0.0
Operation, HighFuelCosts, DispatchGen, 'S-Central_PV-1':3, 0.0
Operation, HighFuelCosts, DispatchGen, 'S-Central_PV-1':4, 0.0
Operation, HighFuelCosts, DispatchGen, 'S-Central_PV-1':5, 0.0
Operation, HighFuelCosts, DispatchGen, 'S-Central_PV-1':6, 0.0
Operation, HighFuelCosts, DispatchGen, 'S-Central_PV-1':7, 0.0
Operation, HighFuelCosts, DispatchGen, 'S-Central_PV-2':1, 0.0
Operation, HighFuelCosts, DispatchGen, 'S-Central_PV-2':2, 0.0
Operation, HighFuelCosts, DispatchGen, 'S-Central_PV-2':3, 0.0
Operation, HighFuelCosts, DispatchGen, 'S-Central_PV-2':4, 0.0
Operation, HighFuelCosts, DispatchGen, 'S-Central_PV-2':5, 0.0
Operation, HighFuelCosts, DispatchGen, 'S-Central_PV-2':6, 0.0
Operation, HighFuelCosts, DispatchGen, 'S-Central_PV-2':7, 0.0
Operation, HighFuelCosts, DispatchGen, 'S-Commercial_PV':1, 0.0
Operation, HighFuelCosts, DispatchGen, 'S-Commercial_PV':2, 0.0
Operation, HighFuelCosts, DispatchGen, 'S-Commercial_PV':3, 0.0
Operation, HighFuelCosts, DispatchGen, 'S-Commercial_PV':4, 0.0
Operation, HighFuelCosts, DispatchGen, 'S-Commercial_PV':5, 0.0
Operation, HighFuelCosts, DispatchGen, 'S-Commercial_PV':6, 0.0
Operation, HighFuelCosts, DispatchGen, 'S-Commercial_PV':7, 0.0
Operation, HighFuelCosts, DispatchGen, 'S-Geothermal':1, 2.90574225
Operation, HighFuelCosts, DispatchGen, 'S-Geothermal':2, 2.90574225
Operation, HighFuelCosts, DispatchGen, 'S-Geothermal':3, 2.90574225
Operation, HighFuelCosts, DispatchGen, 'S-Geothermal':4, 2.90574225
Operation, HighFuelCosts, DispatchGen, 'S-Geothermal':5, 2.90574225
Operation, HighFuelCosts, DispatchGen, 'S-Geothermal':6, 2.90574225
Operation, HighFuelCosts, DispatchGen, 'S-Geothermal':7, 2.90574225
Operation, HighFuelCosts, DispatchGen, 'S-NG_CC':1, 3.43005500449
Operation, HighFuelCosts, DispatchGen, 'S-NG_CC':2, 4.48602121357
Operation, HighFuelCosts, DispatchGen, 'S-NG_CC':3, 3.95803810903
Operation, HighFuelCosts, DispatchGen, 'S-NG_CC':4, 4.69721445539
Operation, HighFuelCosts, DispatchGen, 'S-NG_CC':5, 4.7
Operation, HighFuelCosts, DispatchGen, 'S-NG_CC':6, 4.7
Operation, HighFuelCosts, DispatchGen, 'S-NG_CC':7, 0.604417552318
Operation, HighFuelCosts, DispatchGen, 'S-NG_CC_CCS':1, 0.0
Operation, HighFuelCosts, DispatchGen, 'S-NG_CC_CCS':2, 0.0
Operation, HighFuelCosts, DispatchGen, 'S-NG_CC_CCS':3, 0.0
Operation, HighFuelCosts, DispatchGen, 'S-NG_CC_CCS':4, 0.0
Operation, HighFuelCosts, DispatchGen, 'S-NG_CC_CCS':5, 0.0
Operation, HighFuelCosts, DispatchGen, 'S-NG_CC_CCS':6, 0.0
Operation, HighFuelCosts, DispatchGen, 'S-NG_CC_CCS':7, 0.0
Operation, HighFuelCosts, DispatchGen, 'S-NG_GT':1, 0.0
Operation, HighFuelCosts, DispatchGen, 'S-NG_GT':2, 0.0
Operation, HighFuelCosts, DispatchGen, 'S-NG_GT':3, 0.0
Operation, HighFuelCosts, DispatchGen, 'S-NG_GT':4, 0.0
Operation, HighFuelCosts, DispatchGen, 'S-NG_GT':5, 0.0
Operation, HighFuelCosts, DispatchGen, 'S-NG_GT':6, 1.88
Operation, HighFuelCosts, DispatchGen, 'S-NG_GT':7, 0.0
Operation, HighFuelCosts, DispatchGen, 'S-Residential_PV':1, 0.0
Operation, HighFuelCosts, DispatchGen, 'S-Residential_PV':2, 0.0
Operation, HighFuelCosts, DispatchGen, 'S-Residential_PV':3, 0.0
Operation, HighFuelCosts, DispatchGen, 'S-Residential_PV':4, 0.0
Operation, HighFuelCosts, DispatchGen, 'S-Residential_PV':5, 0.0
Operation, HighFuelCosts, DispatchGen, 'S-Residential_PV':6, 0.0
Operation, HighFuelCosts, DispatchGen, 'S-Residential_PV':7, 0.0
Operation, HighFuelCosts, GenFuelUseRate, 'C-Biomass_IGCC':1:'BioSolid', 0.0
Operation, HighFuelCosts, GenFuelUseRate, 'C-Biomass_IGCC':2:'BioSolid', 0.0
Operation, HighFuelCosts, GenFuelUseRate, 'C-Biomass_IGCC':3:'BioSolid', 0.0
Operation, HighFuelCosts, GenFuelUseRate, 'C-Biomass_IGCC':4:'BioSolid', 0.0
Operation, HighFuelCosts, GenFuelUseRate, 'C-Biomass_IGCC':5:'BioSolid', 0.0
Operation, HighFuelCosts, GenFuelUseRate, 'C-Biomass_IGCC':6:'BioSolid', 0.0
Operation, HighFuelCosts, GenFuelUseRate, 'C-Biomass_IGCC':7:'BioSolid', 0.0
Operation, HighFuelCosts, GenFuelUseRate, 'C-Coal_IGCC':1:'Coal', 0.0
Operation, HighFuelCosts, GenFuelUseRate, 'C-Coal_IGCC':2:'Coal', 0.0
Operation, HighFuelCosts, GenFuelUseRate, 'C-Coal_IGCC':3:'Coal', 0.0
Operation, HighFuelCosts, GenFuelUseRate, 'C-Coal_IGCC':4:'Coal', 0.0
Operation, HighFuelCosts, GenFuelUseRate, 'C-Coal_IGCC':5:'Coal', 0.0
Operation, HighFuelCosts, GenFuelUseRate, 'C-Coal_IGCC':6:'Coal', 0.0
Operation, HighFuelCosts, GenFuelUseRate, 'C-Coal_IGCC':7:'Coal', 0.0
Operation, HighFuelCosts, GenFuelUseRate, 'C-Coal_ST':1:'Coal', 17.1
Operation, HighFuelCosts, GenFuelUseRate, 'C-Coal_ST':2:'Coal', 17.1
Operation, HighFuelCosts, GenFuelUseRate, 'C-Coal_ST':3:'Coal', 17.1
Operation, HighFuelCosts, GenFuelUseRate, 'C-Coal_ST':4:'Coal', 17.1
Operation, HighFuelCosts, GenFuelUseRate, 'C-Coal_ST':5:'Coal', 17.1
Operation, HighFuelCosts, GenFuelUseRate, 'C-Coal_ST':6:'Coal', 17.1
Operation, HighFuelCosts, GenFuelUseRate, 'C-Coal_ST':7:'Coal', 0.0
Operation, HighFuelCosts, GenFuelUseRate, 'C-NG_CC':1:'NaturalGas', 18.53682648
Operation, HighFuelCosts, GenFuelUseRate, 'C-NG_CC':2:'NaturalGas', 9.17176029567
Operation, HighFuelCosts, GenFuelUseRate, 'C-NG_CC':3:'NaturalGas', 14.141169141
Operation, HighFuelCosts, GenFuelUseRate, 'C-NG_CC':4:'NaturalGas', 11.2958363252
Operation, HighFuelCosts, GenFuelUseRate, 'C-NG_CC':5:'NaturalGas', 15.1776386668
Operation, HighFuelCosts, GenFuelUseRate, 'C-NG_CC':6:'NaturalGas', 21.0877692567
Operation, HighFuelCosts, GenFuelUseRate, 'C-NG_CC':7:'NaturalGas', 41.6646267712
Operation, HighFuelCosts, GenFuelUseRate, 'C-NG_GT':1:'NaturalGas', 0.0
Operation, HighFuelCosts, GenFuelUseRate, 'C-NG_GT':2:'NaturalGas', 0.0
Operation, HighFuelCosts, GenFuelUseRate, 'C-NG_GT':3:'NaturalGas', 0.0
Operation, HighFuelCosts, GenFuelUseRate, 'C-NG_GT':4:'NaturalGas', 0.0
Operation, HighFuelCosts, GenFuelUseRate, 'C-NG_GT':5:'NaturalGas', 0.0
Operation, HighFuelCosts, GenFuelUseRate, 'C-NG_GT':6:'NaturalGas', 4.3768039195
Operation, HighFuelCosts, GenFuelUseRate, 'C-NG_GT':7:'NaturalGas', 0.0
Operation, HighFuelCosts, GenFuelUseRate, 'C-Nuclear':1:'Uranium', 0.0
Operation, HighFuelCosts, GenFuelUseRate, 'C-Nuclear':2:'Uranium', 0.0
Operation, HighFuelCosts, GenFuelUseRate, 'C-Nuclear':3:'Uranium', 0.0
Operation, HighFuelCosts, GenFuelUseRate, 'C-Nuclear':4:'Uranium', 0.0
Operation, HighFuelCosts, GenFuelUseRate, 'C-Nuclear':5:'Uranium', 0.0
Operation, HighFuelCosts, GenFuelUseRate, 'C-Nuclear':6:'Uranium', 0.0
Operation, HighFuelCosts, GenFuelUseRate, 'C-Nuclear':7:'Uranium', 0.0
Operation, HighFuelCosts, GenFuelUseRate, 'N-Biomass_IGCC':1:'BioSolid', 0.0
Operation, HighFuelCosts, GenFuelUseRate, 'N-Biomass_IGCC':2:'BioSolid', 0.0
Operation, HighFuelCosts, GenFuelUseRate, 'N-Biomass_IGCC':3:'BioSolid', 0.0
Operation, HighFuelCosts, GenFuelUseRate, 'N-Biomass_IGCC':4:'BioSolid', 0.0
Operation, HighFuelCosts, GenFuelUseRate, 'N-Biomass_IGCC':5:'BioSolid', 0.0
Operation, HighFuelCosts, GenFuelUseRate, 'N-Biomass_IGCC':6:'BioSolid', 0.0
Operation, HighFuelCosts, GenFuelUseRate, 'N-Biomass_IGCC':7:'BioSolid', 0.0
Operation, HighFuelCosts, GenFuelUseRate, 'N-Biomass_IGCC_CCS':1:'BioSolid', 0.0
Operation, HighFuelCosts, GenFuelUseRate, 'N-Biomass_IGCC_CCS':2:'BioSolid', 0.0
Operation, HighFuelCosts, GenFuelUseRate, 'N-Biomass_IGCC_CCS':3:'BioSolid', 0.0
Operation, HighFuelCosts, GenFuelUseRate, 'N-Biomass_IGCC_CCS':4:'BioSolid', 0.0
Operation, HighFuelCosts, GenFuelUseRate, 'N-Biomass_IGCC_CCS':5:'BioSolid', 0.0
Operation, HighFuelCosts, GenFuelUseRate, 'N-Biomass_IGCC_CCS':6:'BioSolid', 0.0
Operation, HighFuelCosts, GenFuelUseRate, 'N-Biomass_IGCC_CCS':7:'BioSolid', 0.0
Operation, HighFuelCosts, GenFuelUseRate, 'N-Coal_IGCC':1:'Coal', 0.0
Operation, HighFuelCosts, GenFuelUseRate, 'N-Coal_IGCC':2:'Coal', 0.0
Operation, HighFuelCosts, GenFuelUseRate, 'N-Coal_IGCC':3:'Coal', 0.0
Operation, HighFuelCosts, GenFuelUseRate, 'N-Coal_IGCC':4:'Coal', 0.0
Operation, HighFuelCosts, GenFuelUseRate, 'N-Coal_IGCC':5:'Coal', 0.0
Operation, HighFuelCosts, GenFuelUseRate, 'N-Coal_IGCC':6:'Coal', 0.0
Operation, HighFuelCosts, GenFuelUseRate, 'N-Coal_IGCC':7:'Coal', 0.0
Operation, HighFuelCosts, GenFuelUseRate, 'N-Coal_IGCC_CCS':1:'Coal', 0.0
Operation, HighFuelCosts, GenFuelUseRate, 'N-Coal_IGCC_CCS':2:'Coal', 0.0
Operation, HighFuelCosts, GenFuelUseRate, 'N-Coal_IGCC_CCS':3:'Coal', 0.0
Operation, HighFuelCosts, GenFuelUseRate, 'N-Coal_IGCC_CCS':4:'Coal', 0.0
Operation, HighFuelCosts, GenFuelUseRate, 'N-Coal_IGCC_CCS':5:'Coal', 0.0
Operation, HighFuelCosts, GenFuelUseRate, 'N-Coal_IGCC_CCS':6:'Coal', 0.0
Operation, HighFuelCosts, GenFuelUseRate, 'N-Coal_IGCC_CCS':7:'Coal', 0.0
Operation, HighFuelCosts, GenFuelUseRate, 'N-Coal_ST':1:'Coal', 16.2
Operation, HighFuelCosts, GenFuelUseRate, 'N-Coal_ST':2:'Coal', 16.2
Operation, HighFuelCosts, GenFuelUseRate, 'N-Coal_ST':3:'Coal', 16.2
Operation, HighFuelCosts, GenFuelUseRate, 'N-Coal_ST':4:'Coal', 16.2
Operation, HighFuelCosts, GenFuelUseRate, 'N-Coal_ST':5:'Coal', 16.2
Operation, HighFuelCosts, GenFuelUseRate, 'N-Coal_ST':6:'Coal', 16.2
Operation, HighFuelCosts, GenFuelUseRate, 'N-Coal_ST':7:'Coal', 3.96831145554
Operation, HighFuelCosts, GenFuelUseRate, 'N-NG_CC':1:'NaturalGas', 12.6054
Operation, HighFuelCosts, GenFuelUseRate, 'N-NG_CC':2:'NaturalGas', 9.75767979881
Operation, HighFuelCosts, GenFuelUseRate, 'N-NG_CC':3:'NaturalGas', 12.6054
Operation, HighFuelCosts, GenFuelUseRate, 'N-NG_CC':4:'NaturalGas', 11.1737304852
Operation, HighFuelCosts, GenFuelUseRate, 'N-NG_CC':5:'NaturalGas', 9.75767979881
Operation, HighFuelCosts, GenFuelUseRate, 'N-NG_CC':6:'NaturalGas', 12.6054
Operation, HighFuelCosts, GenFuelUseRate, 'N-NG_CC':7:'NaturalGas', 12.6054
Operation, HighFuelCosts, GenFuelUseRate, 'N-NG_CC_CCS':1:'NaturalGas', 0.0
Operation, HighFuelCosts, GenFuelUseRate, 'N-NG_CC_CCS':2:'NaturalGas', 0.0
Operation, HighFuelCosts, GenFuelUseRate, 'N-NG_CC_CCS':3:'NaturalGas', 0.0
Operation, HighFuelCosts, GenFuelUseRate, 'N-NG_CC_CCS':4:'NaturalGas', 0.0
Operation, HighFuelCosts, GenFuelUseRate, 'N-NG_CC_CCS':5:'NaturalGas', 0.0
Operation, HighFuelCosts, GenFuelUseRate, 'N-NG_CC_CCS':6:'NaturalGas', 0.0
Operation, HighFuelCosts, GenFuelUseRate, 'N-NG_CC_CCS':7:'NaturalGas', 0.0
Operation, HighFuelCosts, GenFuelUseRate, 'N-NG_GT':1:'NaturalGas', 0.0
Operation, HighFuelCosts, GenFuelUseRate, 'N-NG_GT':2:'NaturalGas', 0.0
Operation, HighFuelCosts, GenFuelUseRate, 'N-NG_GT':3:'NaturalGas', 0.0
Operation, HighFuelCosts, GenFuelUseRate, 'N-NG_GT':4:'NaturalGas', 0.0
Operation, HighFuelCosts, GenFuelUseRate, 'N-NG_GT':5:'NaturalGas', 0.0
Operation, HighFuelCosts, GenFuelUseRate, 'N-NG_GT':6:'NaturalGas', 17.5301794816
Operation, HighFuelCosts, GenFuelUseRate, 'N-NG_GT':7:'NaturalGas', 0.0
Operation, HighFuelCosts, GenFuelUseRate, 'N-Nuclear':1:'Uranium', 0.0
Operation, HighFuelCosts, GenFuelUseRate, 'N-Nuclear':2:'Uranium', 0.0
Operation, HighFuelCosts, GenFuelUseRate, 'N-Nuclear':3:'Uranium', 0.0
Operation, HighFuelCosts, GenFuelUseRate, 'N-Nuclear':4:'Uranium', 0.0
Operation, HighFuelCosts, GenFuelUseRate, 'N-Nuclear':5:'Uranium', 0.0
Operation, HighFuelCosts, GenFuelUseRate, 'N-Nuclear':6:'Uranium', 0.0
Operation, HighFuelCosts, GenFuelUseRate, 'N-Nuclear':7:'Uranium', 0.0
Operation, HighFuelCosts, GenFuelUseRate, 'S-Biomass_IGCC':1:'BioSolid', 0.0
Operation, HighFuelCosts, GenFuelUseRate, 'S-Biomass_IGCC':2:'BioSolid', 0.0
Operation, HighFuelCosts, GenFuelUseRate, 'S-Biomass_IGCC':3:'BioSolid', 0.0
Operation, HighFuelCosts, GenFuelUseRate, 'S-Biomass_IGCC':4:'BioSolid', 0.0
Operation, HighFuelCosts, GenFuelUseRate, 'S-Biomass_IGCC':5:'BioSolid', 0.0
Operation, HighFuelCosts, GenFuelUseRate, 'S-Biomass_IGCC':6:'BioSolid', 0.0
Operation, HighFuelCosts, GenFuelUseRate, 'S-Biomass_IGCC':7:'BioSolid', 0.0
Operation, HighFuelCosts, GenFuelUseRate, 'S-Biomass_IGCC_CCS':1:'BioSolid', 0.0
Operation, HighFuelCosts, GenFuelUseRate, 'S-Biomass_IGCC_CCS':2:'BioSolid', 0.0
Operation, HighFuelCosts, GenFuelUseRate, 'S-Biomass_IGCC_CCS':3:'BioSolid', 0.0
Operation, HighFuelCosts, GenFuelUseRate, 'S-Biomass_IGCC_CCS':4:'BioSolid', 0.0
Operation, HighFuelCosts, GenFuelUseRate, 'S-Biomass_IGCC_CCS':5:'BioSolid', 0.0
Operation, HighFuelCosts, GenFuelUseRate, 'S-Biomass_IGCC_CCS':6:'BioSolid', 0.0
Operation, HighFuelCosts, GenFuelUseRate, 'S-Biomass_IGCC_CCS':7:'BioSolid', 0.0
Operation, HighFuelCosts, GenFuelUseRate, 'S-NG_CC':1:'NaturalGas', 22.9985188051
Operation, HighFuelCosts, GenFuelUseRate, 'S-NG_CC':2:'NaturalGas', 30.078772237
Operation, HighFuelCosts, GenFuelUseRate, 'S-NG_CC':3:'NaturalGas', 26.538645521
Operation, HighFuelCosts, GenFuelUseRate, 'S-NG_CC':4:'NaturalGas', 31.4948229234
Operation, HighFuelCosts, GenFuelUseRate, 'S-NG_CC':5:'NaturalGas', 31.5135
Operation, HighFuelCosts, GenFuelUseRate, 'S-NG_CC':6:'NaturalGas', 31.5135
Operation, HighFuelCosts, GenFuelUseRate, 'S-NG_CC':7:'NaturalGas', 4.05261968829
Operation, HighFuelCosts, GenFuelUseRate, 'S-NG_CC_CCS':1:'NaturalGas', 0.0
Operation, HighFuelCosts, GenFuelUseRate, 'S-NG_CC_CCS':2:'NaturalGas', 0.0
Operation, HighFuelCosts, GenFuelUseRate, 'S-NG_CC_CCS':3:'NaturalGas', 0.0
Operation, HighFuelCosts, GenFuelUseRate, 'S-NG_CC_CCS':4:'NaturalGas', 0.0
Operation, HighFuelCosts, GenFuelUseRate, 'S-NG_CC_CCS':5:'NaturalGas', 0.0
Operation, HighFuelCosts, GenFuelUseRate, 'S-NG_CC_CCS':6:'NaturalGas', 0.0
Operation, HighFuelCosts, GenFuelUseRate, 'S-NG_CC_CCS':7:'NaturalGas', 0.0
Operation, HighFuelCosts, GenFuelUseRate, 'S-NG_GT':1:'NaturalGas', 0.0
Operation, HighFuelCosts, GenFuelUseRate, 'S-NG_GT':2:'NaturalGas', 0.0
Operation, HighFuelCosts, GenFuelUseRate, 'S-NG_GT':3:'NaturalGas', 0.0
Operation, HighFuelCosts, GenFuelUseRate, 'S-NG_GT':4:'NaturalGas', 0.0
Operation, HighFuelCosts, GenFuelUseRate, 'S-NG_GT':5:'NaturalGas', 0.0
Operation, HighFuelCosts, GenFuelUseRate, 'S-NG_GT':6:'NaturalGas', 19.5332
Operation, HighFuelCosts, GenFuelUseRate, 'S-NG_GT':7:'NaturalGas', 0.0
Operation, LowFuelCosts, DispatchGen, 'C-Biomass_IGCC':1, 0.0
Operation, LowFuelCosts, DispatchGen, 'C-Biomass_IGCC':2, 0.0
Operation, LowFuelCosts, DispatchGen, 'C-Biomass_IGCC':3, 0.0
Operation, LowFuelCosts, DispatchGen, 'C-Biomass_IGCC':4, 0.0
Operation, LowFuelCosts, DispatchGen, 'C-Biomass_IGCC':5, 0.0
Operation, LowFuelCosts, DispatchGen, 'C-Biomass_IGCC':6, 0.0
Operation, LowFuelCosts, DispatchGen, 'C-Biomass_IGCC':7, 0.0
Operation, LowFuelCosts, DispatchGen, 'C-Central_PV-1':1, 0.0
Operation, LowFuelCosts, DispatchGen, 'C-Central_PV-1':2, 0.0
Operation, LowFuelCosts, DispatchGen, 'C-Central_PV-1':3, 0.0
Operation, LowFuelCosts, DispatchGen, 'C-Central_PV-1':4, 0.0
Operation, LowFuelCosts, DispatchGen, 'C-Central_PV-1':5, 0.0
Operation, LowFuelCosts, DispatchGen, 'C-Central_PV-1':6, 0.0
Operation, LowFuelCosts, DispatchGen, 'C-Central_PV-1':7, 0.0
Operation, LowFuelCosts, DispatchGen, 'C-Central_PV-2':1, 0.0
Operation, LowFuelCosts, DispatchGen, 'C-Central_PV-2':2, 0.0
Operation, LowFuelCosts, DispatchGen, 'C-Central_PV-2':3, 0.0
Operation, LowFuelCosts, DispatchGen, 'C-Central_PV-2':4, 0.0
Operation, LowFuelCosts, DispatchGen, 'C-Central_PV-2':5, 0.0
Operation, LowFuelCosts, DispatchGen, 'C-Central_PV-2':6, 0.0
Operation, LowFuelCosts, DispatchGen, 'C-Central_PV-2':7, 0.0
Operation, LowFuelCosts, DispatchGen, 'C-Coal_IGCC':1, 0.0
Operation, LowFuelCosts, DispatchGen, 'C-Coal_IGCC':2, 0.0
Operation, LowFuelCosts, DispatchGen, 'C-Coal_IGCC':3, 0.0
Operation, LowFuelCosts, DispatchGen, 'C-Coal_IGCC':4, 0.0
Operation, LowFuelCosts, DispatchGen, 'C-Coal_IGCC':5, 0.0
Operation, LowFuelCosts, DispatchGen, 'C-Coal_IGCC':6, 0.0
Operation, LowFuelCosts, DispatchGen, 'C-Coal_IGCC':7, 0.0
Operation, LowFuelCosts, DispatchGen, 'C-Coal_ST':1, 1.8
Operation, LowFuelCosts, DispatchGen, 'C-Coal_ST':2, 1.8
Operation, LowFuelCosts, DispatchGen, 'C-Coal_ST':3, 1.8
Operation, LowFuelCosts, DispatchGen, 'C-Coal_ST':4, 1.8
Operation, LowFuelCosts, DispatchGen, 'C-Coal_ST':5, 1.8
Operation, LowFuelCosts, DispatchGen, 'C-Coal_ST':6, 1.8
Operation, LowFuelCosts, DispatchGen, 'C-Coal_ST':7, 0.0
Operation, LowFuelCosts, DispatchGen, 'C-Commercial_PV':1, 0.0
Operation, LowFuelCosts, DispatchGen, 'C-Commercial_PV':2, 0.0
Operation, LowFuelCosts, DispatchGen, 'C-Commercial_PV':3, 0.0
Operation, LowFuelCosts, DispatchGen, 'C-Commercial_PV':4, 0.0
Operation, LowFuelCosts, DispatchGen, 'C-Commercial_PV':5, 0.0
Operation, LowFuelCosts, DispatchGen, 'C-Commercial_PV':6, 0.0
Operation, LowFuelCosts, DispatchGen, 'C-Commercial_PV':7, 0.0
Operation, LowFuelCosts, DispatchGen, 'C-NG_CC':1, 2.96544350581
Operation, LowFuelCosts, DispatchGen, 'C-NG_CC':2, 1.36789862724
Operation, LowFuelCosts, DispatchGen, 'C-NG_CC':3, 2.30986448434
Operation, LowFuelCosts, DispatchGen, 'C-NG_CC':4, 1.68468848997
Operation, LowFuelCosts, DispatchGen, 'C-NG_CC':5, 2.26362992794
Operation, LowFuelCosts, DispatchGen, 'C-NG_CC':6, 3.14508117177
Operation, LowFuelCosts, DispatchGen, 'C-NG_CC':7, 6.21396372427
Operation, LowFuelCosts, DispatchGen, 'C-NG_GT':1, 0.0
Operation, LowFuelCosts, DispatchGen, 'C-NG_GT':2, 0.0
Operation, LowFuelCosts, DispatchGen, 'C-NG_GT':3, 0.0
Operation, LowFuelCosts, DispatchGen, 'C-NG_GT':4, 0.0
Operation, LowFuelCosts, DispatchGen, 'C-NG_GT':5, 0.0
Operation, LowFuelCosts, DispatchGen, 'C-NG_GT':6, 0.421251580318
Operation, LowFuelCosts, DispatchGen, 'C-NG_GT':7, 0.0
Operation, LowFuelCosts, DispatchGen, 'C-Nuclear':1, 0.0
Operation, LowFuelCosts, DispatchGen, 'C-Nuclear':2, 0.0
Operation, LowFuelCosts, DispatchGen, 'C-Nuclear':3, 0.0
Operation, LowFuelCosts, DispatchGen, 'C-Nuclear':4, 0.0
Operation, LowFuelCosts, DispatchGen, 'C-Nuclear':5, 0.0
Operation, LowFuelCosts, DispatchGen, 'C-Nuclear':6, 0.0
Operation, LowFuelCosts, DispatchGen, 'C-Nuclear':7, 0.0
Operation, LowFuelCosts, DispatchGen, 'C-Residential_PV':1, 0.0
Operation, LowFuelCosts, DispatchGen, 'C-Residential_PV':2, 0.0
Operation, LowFuelCosts, DispatchGen, 'C-Residential_PV':3, 0.0
Operation, LowFuelCosts, DispatchGen, 'C-Residential_PV':4, 0.0
Operation, LowFuelCosts, DispatchGen, 'C-Residential_PV':5, 0.0
Operation, LowFuelCosts, DispatchGen, 'C-Residential_PV':6, 0.0
Operation, LowFuelCosts, DispatchGen, 'C-Residential_PV':7, 0.0
Operation, LowFuelCosts, DispatchGen, 'C-Wind-1':1, 0.0
Operation, LowFuelCosts, DispatchGen, 'C-Wind-1':2, 0.0
Operation, LowFuelCosts, DispatchGen, 'C-Wind-1':3, 0.0
Operation, LowFuelCosts, DispatchGen, 'C-Wind-1':4, 0.0
Operation, LowFuelCosts, DispatchGen, 'C-Wind-1':5, 0.0
Operation, LowFuelCosts, DispatchGen, 'C-Wind-1':6, 0.0
Operation, LowFuelCosts, DispatchGen, 'C-Wind-1':7, 3.1808
Operation, LowFuelCosts, DispatchGen, 'C-Wind-2':1, 0.0
Operation, LowFuelCosts, DispatchGen, 'C-Wind-2':2, 0.0
Operation, LowFuelCosts, DispatchGen, 'C-Wind-2':3, 0.0
Operation, LowFuelCosts, DispatchGen, 'C-Wind-2':4, 0.0
Operation, LowFuelCosts, DispatchGen, 'C-Wind-2':5, 0.0
Operation, LowFuelCosts, DispatchGen, 'C-Wind-2':6, 0.0
Operation, LowFuelCosts, DispatchGen, 'C-Wind-2':7, 2.56452
Operation, LowFuelCosts, DispatchGen, 'N-Biomass_IGCC':1, 0.0
Operation, LowFuelCosts, DispatchGen, 'N-Biomass_IGCC':2, 0.0
Operation, LowFuelCosts, DispatchGen, 'N-Biomass_IGCC':3, 0.0
Operation, LowFuelCosts, DispatchGen, 'N-Biomass_IGCC':4, 0.0
Operation, LowFuelCosts, DispatchGen, 'N-Biomass_IGCC':5, 0.0
Operation, LowFuelCosts, DispatchGen, 'N-Biomass_IGCC':6, 0.0
Operation, LowFuelCosts, DispatchGen, 'N-Biomass_IGCC':7, 0.0
Operation, LowFuelCosts, DispatchGen, 'N-Biomass_IGCC_CCS':1, 0.0
Operation, LowFuelCosts, DispatchGen, 'N-Biomass_IGCC_CCS':2, 0.0
Operation, LowFuelCosts, DispatchGen, 'N-Biomass_IGCC_CCS':3, 0.0
Operation, LowFuelCosts, DispatchGen, 'N-Biomass_IGCC_CCS':4, 0.0
Operation, LowFuelCosts, DispatchGen, 'N-Biomass_IGCC_CCS':5, 0.0
Operation, LowFuelCosts, DispatchGen, 'N-Biomass_IGCC_CCS':6, 0.0
Operation, LowFuelCosts, DispatchGen, 'N-Biomass_IGCC_CCS':7, 0.0
Operation, LowFuelCosts, DispatchGen, 'N-Central_PV-1':1, 0.0
Operation, LowFuelCosts, DispatchGen, 'N-Central_PV-1':2, 0.0
Operation, LowFuelCosts, DispatchGen, 'N-Central_PV-1':3, 0.0
Operation, LowFuelCosts, DispatchGen, 'N-Central_PV-1':4, 0.0
Operation, LowFuelCosts, DispatchGen, 'N-Central_PV-1':5, 0.0
Operation, LowFuelCosts, DispatchGen, 'N-Central_PV-1':6, 0.0
Operation, LowFuelCosts, DispatchGen, 'N-Central_PV-1':7, 0.0
Operation, LowFuelCosts, DispatchGen, 'N-Central_PV-2':1, 0.0
Operation, LowFuelCosts, DispatchGen, 'N-Central_PV-2':2, 0.0
Operation, LowFuelCosts, DispatchGen, 'N-Central_PV-2':3, 0.0
Operation, LowFuelCosts, DispatchGen, 'N-Central_PV-2':4, 0.0
Operation, LowFuelCosts, DispatchGen, 'N-Central_PV-2':5, 0.0
Operation, LowFuelCosts, DispatchGen, 'N-Central_PV-2':6, 0.0
Operation, LowFuelCosts, DispatchGen, 'N-Central_PV-2':7, 0.0
Operation, LowFuelCosts, DispatchGen, 'N-Coal_IGCC':1, 0.0
Operation, LowFuelCosts, DispatchGen, 'N-Coal_IGCC':2, 0.0
Operation, LowFuelCosts, DispatchGen, 'N-Coal_IGCC':3, 0.0
Operation, LowFuelCosts, DispatchGen, 'N-Coal_IGCC':4, 0.0
Operation, LowFuelCosts, DispatchGen, 'N-Coal_IGCC':5, 0.0
Operation, LowFuelCosts, DispatchGen, 'N-Coal_IGCC':6, 0.0
Operation, LowFuelCosts, DispatchGen, 'N-Coal_IGCC':7, 0.0
Operation, LowFuelCosts, DispatchGen, 'N-Coal_IGCC_CCS':1, 0.0
Operation, LowFuelCosts, DispatchGen, 'N-Coal_IGCC_CCS':2, 0.0
Operation, LowFuelCosts, DispatchGen, 'N-Coal_IGCC_CCS':3, 0.0
Operation, LowFuelCosts, DispatchGen, 'N-Coal_IGCC_CCS':4, 0.0
Operation, LowFuelCosts, DispatchGen, 'N-Coal_IGCC_CCS':5, 0.0
Operation, LowFuelCosts, DispatchGen, 'N-Coal_IGCC_CCS':6, 0.0
Operation, LowFuelCosts, DispatchGen, 'N-Coal_IGCC_CCS':7, 0.0
Operation, LowFuelCosts, DispatchGen, 'N-Coal_ST':1, 1.8
Operation, LowFuelCosts, DispatchGen, 'N-Coal_ST':2, 1.8
Operation, LowFuelCosts, DispatchGen, 'N-Coal_ST':3, 1.8
Operation, LowFuelCosts, DispatchGen, 'N-Coal_ST':4, 1.8
Operation, LowFuelCosts, DispatchGen, 'N-Coal_ST':5, 1.8
Operation, LowFuelCosts, DispatchGen, 'N-Coal_ST':6, 1.8
Operation, LowFuelCosts, DispatchGen, 'N-Coal_ST':7, 1.8
Operation, LowFuelCosts, DispatchGen, 'N-Commercial_PV':1, 0.0
Operation, LowFuelCosts, DispatchGen, 'N-Commercial_PV':2, 0.0
Operation, LowFuelCosts, DispatchGen, 'N-Commercial_PV':3, 0.0
Operation, LowFuelCosts, DispatchGen, 'N-Commercial_PV':4, 0.0
Operation, LowFuelCosts, DispatchGen, 'N-Commercial_PV':5, 0.0
Operation, LowFuelCosts, DispatchGen, 'N-Commercial_PV':6, 0.0
Operation, LowFuelCosts, DispatchGen, 'N-Commercial_PV':7, 0.0
Operation, LowFuelCosts, DispatchGen, 'N-Geothermal':1, 0.775797254488
Operation, LowFuelCosts, DispatchGen, 'N-Geothermal':2, 0.775797254488
Operation, LowFuelCosts, DispatchGen, 'N-Geothermal':3, 0.775797254488
Operation, LowFuelCosts, DispatchGen, 'N-Geothermal':4, 0.775797254488
Operation, LowFuelCosts, DispatchGen, 'N-Geothermal':5, 0.775797254488
Operation, LowFuelCosts, DispatchGen, 'N-Geothermal':6, 0.775797254488
Operation, LowFuelCosts, DispatchGen, 'N-Geothermal':7, 0.0
Operation, LowFuelCosts, DispatchGen, 'N-NG_CC':1, 1.88
Operation, LowFuelCosts, DispatchGen, 'N-NG_CC':2, 1.64806758184
Operation, LowFuelCosts, DispatchGen, 'N-NG_CC':3, 1.88
Operation, LowFuelCosts, DispatchGen, 'N-NG_CC':4, 1.85926082365
Operation, LowFuelCosts, DispatchGen, 'N-NG_CC':5, 1.64806758184
Operation, LowFuelCosts, DispatchGen, 'N-NG_CC':6, 1.88
Operation, LowFuelCosts, DispatchGen, 'N-NG_CC':7, 1.86863121259
Operation, LowFuelCosts, DispatchGen, 'N-NG_CC_CCS':1, 0.0
Operation, LowFuelCosts, DispatchGen, 'N-NG_CC_CCS':2, 0.0
Operation, LowFuelCosts, DispatchGen, 'N-NG_CC_CCS':3, 0.0
Operation, LowFuelCosts, DispatchGen, 'N-NG_CC_CCS':4, 0.0
Operation, LowFuelCosts, DispatchGen, 'N-NG_CC_CCS':5, 0.0
Operation, LowFuelCosts, DispatchGen, 'N-NG_CC_CCS':6, 0.0
Operation, LowFuelCosts, DispatchGen, 'N-NG_CC_CCS':7, 0.0
Operation, LowFuelCosts, DispatchGen, 'N-NG_GT':1, 0.0
Operation, LowFuelCosts, DispatchGen, 'N-NG_GT':2, 0.0
Operation, LowFuelCosts, DispatchGen, 'N-NG_GT':3, 0.0
Operation, LowFuelCosts, DispatchGen, 'N-NG_GT':4, 0.0
Operation, LowFuelCosts, DispatchGen, 'N-NG_GT':5, 0.0
Operation, LowFuelCosts, DispatchGen, 'N-NG_GT':6, 1.88
Operation, LowFuelCosts, DispatchGen, 'N-NG_GT':7, 0.0
Operation, LowFuelCosts, DispatchGen, 'N-Nuclear':1, 0.0
Operation, LowFuelCosts, DispatchGen, 'N-Nuclear':2, 0.0
Operation, LowFuelCosts, DispatchGen, 'N-Nuclear':3, 0.0
Operation, LowFuelCosts, DispatchGen, 'N-Nuclear':4, 0.0
Operation, LowFuelCosts, DispatchGen, 'N-Nuclear':5, 0.0
Operation, LowFuelCosts, DispatchGen, 'N-Nuclear':6, 0.0
Operation, LowFuelCosts, DispatchGen, 'N-Nuclear':7, 0.0
Operation, LowFuelCosts, DispatchGen, 'N-Residential_PV':1, 0.0
Operation, LowFuelCosts, DispatchGen, 'N-Residential_PV':2, 0.0
Operation, LowFuelCosts, DispatchGen, 'N-Residential_PV':3, 0.0
Operation, LowFuelCosts, DispatchGen, 'N-Residential_PV':4, 0.0
Operation, LowFuelCosts, DispatchGen, 'N-Residential_PV':5, 0.0
Operation, LowFuelCosts, DispatchGen, 'N-Residential_PV':6, 0.0
Operation, LowFuelCosts, DispatchGen, 'N-Residential_PV':7, 0.0
Operation, LowFuelCosts, DispatchGen, 'N-Wind-1':1, 0.0
Operation, LowFuelCosts, DispatchGen, 'N-Wind-1':2, 0.0
Operation, LowFuelCosts, DispatchGen, 'N-Wind-1':3, 0.0
Operation, LowFuelCosts, DispatchGen, 'N-Wind-1':4, 0.0
Operation, LowFuelCosts, DispatchGen, 'N-Wind-1':5, 0.0
Operation, LowFuelCosts, DispatchGen, 'N-Wind-1':6, 0.0
Operation, LowFuelCosts, DispatchGen, 'N-Wind-1':7, 3.1808
Operation, LowFuelCosts, DispatchGen, 'N-Wind-2':1, 0.0
Operation, LowFuelCosts, DispatchGen, 'N-Wind-2':2, 0.0
Operation, LowFuelCosts, DispatchGen, 'N-Wind-2':3, 0.0
Operation, LowFuelCosts, DispatchGen, 'N-Wind-2':4, 0.0
Operation, LowFuelCosts, DispatchGen, 'N-Wind-2':5, 0.0
Operation, LowFuelCosts, DispatchGen, 'N-Wind-2':6, 0.0
Operation, LowFuelCosts, DispatchGen, 'N-Wind-2':7, 0.86478
Operation, LowFuelCosts, DispatchGen, 'S-Biomass_IGCC':1, 0.0
Operation, LowFuelCosts, DispatchGen, 'S-Biomass_IGCC':2, 0.0
Operation, LowFuelCosts, DispatchGen, 'S-Biomass_IGCC':3, 0.0
Operation, LowFuelCosts, DispatchGen, 'S-Biomass_IGCC':4, 0.0
Operation, LowFuelCosts, DispatchGen, 'S-Biomass_IGCC':5, 0.0
Operation, LowFuelCosts, DispatchGen, 'S-Biomass_IGCC':6, 0.0
Operation, LowFuelCosts, DispatchGen, 'S-Biomass_IGCC':7, 0.0
Operation, LowFuelCosts, DispatchGen, 'S-Biomass_IGCC_CCS':1, 0.0
Operation, LowFuelCosts, DispatchGen, 'S-Biomass_IGCC_CCS':2, 0.0
Operation, LowFuelCosts, DispatchGen, 'S-Biomass_IGCC_CCS':3, 0.0
Operation, LowFuelCosts, DispatchGen, 'S-Biomass_IGCC_CCS':4, 0.0
Operation, LowFuelCosts, DispatchGen, 'S-Biomass_IGCC_CCS':5, 0.0
Operation, LowFuelCosts, DispatchGen, 'S-Biomass_IGCC_CCS':6, 0.0
Operation, LowFuelCosts, DispatchGen, 'S-Biomass_IGCC_CCS':7, 0.0
Operation, LowFuelCosts, DispatchGen, 'S-Central_PV-1':1, 0.0
Operation, LowFuelCosts, DispatchGen, 'S-Central_PV-1':2, 0.0
Operation, LowFuelCosts, DispatchGen, 'S-Central_PV-1':3, 0.0
Operation, LowFuelCosts, DispatchGen, 'S-Central_PV-1':4, 0.0
Operation, LowFuelCosts, DispatchGen, 'S-Central_PV-1':5, 0.0
Operation, LowFuelCosts, DispatchGen, 'S-Central_PV-1':6, 0.0
Operation, LowFuelCosts, DispatchGen, 'S-Central_PV-1':7, 0.0
Operation, LowFuelCosts, DispatchGen, 'S-Central_PV-2':1, 0.0
Operation, LowFuelCosts, DispatchGen, 'S-Central_PV-2':2, 0.0
Operation, LowFuelCosts, DispatchGen, 'S-Central_PV-2':3, 0.0
Operation, LowFuelCosts, DispatchGen, 'S-Central_PV-2':4, 0.0
Operation, LowFuelCosts, DispatchGen, 'S-Central_PV-2':5, 0.0
Operation, LowFuelCosts, DispatchGen, 'S-Central_PV-2':6, 0.0
Operation, LowFuelCosts, DispatchGen, 'S-Central_PV-2':7, 0.0
Operation, LowFuelCosts, DispatchGen, 'S-Commercial_PV':1, 0.0
Operation, LowFuelCosts, DispatchGen, 'S-Commercial_PV':2, 0.0
Operation, LowFuelCosts, DispatchGen, 'S-Commercial_PV':3, 0.0
Operation, LowFuelCosts, DispatchGen, 'S-Commercial_PV':4, 0.0
Operation, LowFuelCosts, DispatchGen, 'S-Commercial_PV':5, 0.0
Operation, LowFuelCosts, DispatchGen, 'S-Commercial_PV':6, 0.0
Operation, LowFuelCosts, DispatchGen, 'S-Commercial_PV':7, 0.0
Operation, LowFuelCosts, DispatchGen, 'S-Geothermal':1, 2.90574225
Operation, LowFuelCosts, DispatchGen, 'S-Geothermal':2, 2.90574225
Operation, LowFuelCosts, DispatchGen, 'S-Geothermal':3, 2.90574225
Operation, LowFuelCosts, DispatchGen, 'S-Geothermal':4, 2.90574225
Operation, LowFuelCosts, DispatchGen, 'S-Geothermal':5, 2.90574225
Operation, LowFuelCosts, DispatchGen, 'S-Geothermal':6, 2.90574225
Operation, LowFuelCosts, DispatchGen, 'S-Geothermal':7, 2.5636180745
Operation, LowFuelCosts, DispatchGen, 'S-NG_CC':1, 3.43005500449
Operation, LowFuelCosts, DispatchGen, 'S-NG_CC':2, 4.48602121357
Operation, LowFuelCosts, DispatchGen, 'S-NG_CC':3, 3.95803810903
Operation, LowFuelCosts, DispatchGen, 'S-NG_CC':4, 4.69721445539
Operation, LowFuelCosts, DispatchGen, 'S-NG_CC':5, 4.7
Operation, LowFuelCosts, DispatchGen, 'S-NG_CC':6, 4.7
Operation, LowFuelCosts, DispatchGen, 'S-NG_CC':7, 0.604417552318
Operation, LowFuelCosts, DispatchGen, 'S-NG_CC_CCS':1, 0.0
Operation, LowFuelCosts, DispatchGen, 'S-NG_CC_CCS':2, 0.0
Operation, LowFuelCosts, DispatchGen, 'S-NG_CC_CCS':3, 0.0
Operation, LowFuelCosts, DispatchGen, 'S-NG_CC_CCS':4, 0.0
Operation, LowFuelCosts, DispatchGen, 'S-NG_CC_CCS':5, 0.0
Operation, LowFuelCosts, DispatchGen, 'S-NG_CC_CCS':6, 0.0
Operation, LowFuelCosts, DispatchGen, 'S-NG_CC_CCS':7, 0.0
Operation, LowFuelCosts, DispatchGen, 'S-NG_GT':1, 0.0
Operation, LowFuelCosts, DispatchGen, 'S-NG_GT':2, 0.0
Operation, LowFuelCosts, DispatchGen, 'S-NG_GT':3, 0.0
Operation, LowFuelCosts, DispatchGen, 'S-NG_GT':4, 0.0
Operation, LowFuelCosts, DispatchGen, 'S-NG_GT':5, 0.0
Operation, LowFuelCosts, DispatchGen, 'S-NG_GT':6, 1.88
Operation, LowFuelCosts, DispatchGen, 'S-NG_GT':7, 0.0
Operation, LowFuelCosts, DispatchGen, 'S-Residential_PV':1, 0.0
Operation, LowFuelCosts, DispatchGen, 'S-Residential_PV':2, 0.0
Operation, LowFuelCosts, DispatchGen, 'S-Residential_PV':3, 0.0
Operation, LowFuelCosts, DispatchGen, 'S-Residential_PV':4, 0.0
Operation, LowFuelCosts, DispatchGen, 'S-Residential_PV':5, 0.0
Operation, LowFuelCosts, DispatchGen, 'S-Residential_PV':6, 0.0
Operation, LowFuelCosts, DispatchGen, 'S-Residential_PV':7, 0.0
Operation, LowFuelCosts, GenFuelUseRate, 'C-Biomass_IGCC':1:'BioSolid', 0.0
Operation, LowFuelCosts, GenFuelUseRate, 'C-Biomass_IGCC':2:'BioSolid', 0.0
Operation, LowFuelCosts, GenFuelUseRate, 'C-Biomass_IGCC':3:'BioSolid', 0.0
Operation, LowFuelCosts, GenFuelUseRate, 'C-Biomass_IGCC':4:'BioSolid', 0.0
Operation, LowFuelCosts, GenFuelUseRate, 'C-Biomass_IGCC':5:'BioSolid', 0.0
Operation, LowFuelCosts, GenFuelUseRate, 'C-Biomass_IGCC':6:'BioSolid', 0.0
Operation, LowFuelCosts, GenFuelUseRate, 'C-Biomass_IGCC':7:'BioSolid', 0.0
Operation, LowFuelCosts, GenFuelUseRate, 'C-Coal_IGCC':1:'Coal', 0.0
Operation, LowFuelCosts, GenFuelUseRate, 'C-Coal_IGCC':2:'Coal', 0.0
Operation, LowFuelCosts, GenFuelUseRate, 'C-Coal_IGCC':3:'Coal', 0.0
Operation, LowFuelCosts, GenFuelUseRate, 'C-Coal_IGCC':4:'Coal', 0.0
Operation, LowFuelCosts, GenFuelUseRate, 'C-Coal_IGCC':5:'Coal', 0.0
Operation, LowFuelCosts, GenFuelUseRate, 'C-Coal_IGCC':6:'Coal', 0.0
Operation, LowFuelCosts, GenFuelUseRate, 'C-Coal_IGCC':7:'Coal', 0.0
Operation, LowFuelCosts, GenFuelUseRate, 'C-Coal_ST':1:'Coal', 17.1
Operation, LowFuelCosts, GenFuelUseRate, 'C-Coal_ST':2:'Coal', 17.1
Operation, LowFuelCosts, GenFuelUseRate, 'C-Coal_ST':3:'Coal', 17.1
Operation, LowFuelCosts, GenFuelUseRate, 'C-Coal_ST':4:'Coal', 17.1
Operation, LowFuelCosts, GenFuelUseRate, 'C-Coal_ST':5:'Coal', 17.1
Operation, LowFuelCosts, GenFuelUseRate, 'C-Coal_ST':6:'Coal', 17.1
Operation, LowFuelCosts, GenFuelUseRate, 'C-Coal_ST':7:'Coal', 0.0
Operation, LowFuelCosts, GenFuelUseRate, 'C-NG_CC':1:'NaturalGas', 19.8832987064
Operation, LowFuelCosts, GenFuelUseRate, 'C-NG_CC':2:'NaturalGas', 9.17176029567
Operation, LowFuelCosts, GenFuelUseRate, 'C-NG_CC':3:'NaturalGas', 15.4876413675
Operation, LowFuelCosts, GenFuelUseRate, 'C-NG_CC':4:'NaturalGas', 11.2958363252
Operation, LowFuelCosts, GenFuelUseRate, 'C-NG_CC':5:'NaturalGas', 15.1776386668
Operation, LowFuelCosts, GenFuelUseRate, 'C-NG_CC':6:'NaturalGas', 21.0877692567
Operation, LowFuelCosts, GenFuelUseRate, 'C-NG_CC':7:'NaturalGas', 41.6646267712
Operation, LowFuelCosts, GenFuelUseRate, 'C-NG_GT':1:'NaturalGas', 0.0
Operation, LowFuelCosts, GenFuelUseRate, 'C-NG_GT':2:'NaturalGas', 0.0
Operation, LowFuelCosts, GenFuelUseRate, 'C-NG_GT':3:'NaturalGas', 0.0
Operation, LowFuelCosts, GenFuelUseRate, 'C-NG_GT':4:'NaturalGas', 0.0
Operation, LowFuelCosts, GenFuelUseRate, 'C-NG_GT':5:'NaturalGas', 0.0
Operation, LowFuelCosts, GenFuelUseRate, 'C-NG_GT':6:'NaturalGas', 4.3768039195
Operation, LowFuelCosts, GenFuelUseRate, 'C-NG_GT':7:'NaturalGas', 0.0
Operation, LowFuelCosts, GenFuelUseRate, 'C-Nuclear':1:'Uranium', 0.0
Operation, LowFuelCosts, GenFuelUseRate, 'C-Nuclear':2:'Uranium', 0.0
Operation, LowFuelCosts, GenFuelUseRate, 'C-Nuclear':3:'Uranium', 0.0
Operation, LowFuelCosts, GenFuelUseRate, 'C-Nuclear':4:'Uranium', 0.0
Operation, LowFuelCosts, GenFuelUseRate, 'C-Nuclear':5:'Uranium', 0.0
Operation, LowFuelCosts, GenFuelUseRate, 'C-Nuclear':6:'Uranium', 0.0
Operation, LowFuelCosts, GenFuelUseRate, 'C-Nuclear':7:'Uranium', 0.0
Operation, LowFuelCosts, GenFuelUseRate, 'N-Biomass_IGCC':1:'BioSolid', 0.0
Operation, LowFuelCosts, GenFuelUseRate, 'N-Biomass_IGCC':2:'BioSolid', 0.0
Operation, LowFuelCosts, GenFuelUseRate, 'N-Biomass_IGCC':3:'BioSolid', 0.0
Operation, LowFuelCosts, GenFuelUseRate, 'N-Biomass_IGCC':4:'BioSolid', 0.0
Operation, LowFuelCosts, GenFuelUseRate, 'N-Biomass_IGCC':5:'BioSolid', 0.0
Operation, LowFuelCosts, GenFuelUseRate, 'N-Biomass_IGCC':6:'BioSolid', 0.0
Operation, LowFuelCosts, GenFuelUseRate, 'N-Biomass_IGCC':7:'BioSolid', 0.0
Operation, LowFuelCosts, GenFuelUseRate, 'N-Biomass_IGCC_CCS':1:'BioSolid', 0.0
Operation, LowFuelCosts, GenFuelUseRate, 'N-Biomass_IGCC_CCS':2:'BioSolid', 0.0
Operation, LowFuelCosts, GenFuelUseRate, 'N-Biomass_IGCC_CCS':3:'BioSolid', 0.0
Operation, LowFuelCosts, GenFuelUseRate, 'N-Biomass_IGCC_CCS':4:'BioSolid', 0.0
Operation, LowFuelCosts, GenFuelUseRate, 'N-Biomass_IGCC_CCS':5:'BioSolid', 0.0
Operation, LowFuelCosts, GenFuelUseRate, 'N-Biomass_IGCC_CCS':6:'BioSolid', 0.0
Operation, LowFuelCosts, GenFuelUseRate, 'N-Biomass_IGCC_CCS':7:'BioSolid', 0.0
Operation, LowFuelCosts, GenFuelUseRate, 'N-Coal_IGCC':1:'Coal', 0.0
Operation, LowFuelCosts, GenFuelUseRate, 'N-Coal_IGCC':2:'Coal', 0.0
Operation, LowFuelCosts, GenFuelUseRate, 'N-Coal_IGCC':3:'Coal', 0.0
Operation, LowFuelCosts, GenFuelUseRate, 'N-Coal_IGCC':4:'Coal', 0.0
Operation, LowFuelCosts, GenFuelUseRate, 'N-Coal_IGCC':5:'Coal', 0.0
Operation, LowFuelCosts, GenFuelUseRate, 'N-Coal_IGCC':6:'Coal', 0.0
Operation, LowFuelCosts, GenFuelUseRate, 'N-Coal_IGCC':7:'Coal', 0.0
Operation, LowFuelCosts, GenFuelUseRate, 'N-Coal_IGCC_CCS':1:'Coal', 0.0
Operation, LowFuelCosts, GenFuelUseRate, 'N-Coal_IGCC_CCS':2:'Coal', 0.0
Operation, LowFuelCosts, GenFuelUseRate, 'N-Coal_IGCC_CCS':3:'Coal', 0.0
Operation, LowFuelCosts, GenFuelUseRate, 'N-Coal_IGCC_CCS':4:'Coal', 0.0
Operation, LowFuelCosts, GenFuelUseRate, 'N-Coal_IGCC_CCS':5:'Coal', 0.0
Operation, LowFuelCosts, GenFuelUseRate, 'N-Coal_IGCC_CCS':6:'Coal', 0.0
Operation, LowFuelCosts, GenFuelUseRate, 'N-Coal_IGCC_CCS':7:'Coal', 0.0
Operation, LowFuelCosts, GenFuelUseRate, 'N-Coal_ST':1:'Coal', 16.2
Operation, LowFuelCosts, GenFuelUseRate, 'N-Coal_ST':2:'Coal', 16.2
Operation, LowFuelCosts, GenFuelUseRate, 'N-Coal_ST':3:'Coal', 16.2
Operation, LowFuelCosts, GenFuelUseRate, 'N-Coal_ST':4:'Coal', 16.2
Operation, LowFuelCosts, GenFuelUseRate, 'N-Coal_ST':5:'Coal', 16.2
Operation, LowFuelCosts, GenFuelUseRate, 'N-Coal_ST':6:'Coal', 16.2
Operation, LowFuelCosts, GenFuelUseRate, 'N-Coal_ST':7:'Coal', 16.2
Operation, LowFuelCosts, GenFuelUseRate, 'N-NG_CC':1:'NaturalGas', 12.6054
Operation, LowFuelCosts, GenFuelUseRate, 'N-NG_CC':2:'NaturalGas', 11.0502931362
Operation, LowFuelCosts, GenFuelUseRate, 'N-NG_CC':3:'NaturalGas', 12.6054
Operation, LowFuelCosts, GenFuelUseRate, 'N-NG_CC':4:'NaturalGas', 12.4663438226
Operation, LowFuelCosts, GenFuelUseRate, 'N-NG_CC':5:'NaturalGas', 11.0502931362
Operation, LowFuelCosts, GenFuelUseRate, 'N-NG_CC':6:'NaturalGas', 12.6054
Operation, LowFuelCosts, GenFuelUseRate, 'N-NG_CC':7:'NaturalGas', 12.5291722804
Operation, LowFuelCosts, GenFuelUseRate, 'N-NG_CC_CCS':1:'NaturalGas', 0.0
Operation, LowFuelCosts, GenFuelUseRate, 'N-NG_CC_CCS':2:'NaturalGas', 0.0
Operation, LowFuelCosts, GenFuelUseRate, 'N-NG_CC_CCS':3:'NaturalGas', 0.0
Operation, LowFuelCosts, GenFuelUseRate, 'N-NG_CC_CCS':4:'NaturalGas', 0.0
Operation, LowFuelCosts, GenFuelUseRate, 'N-NG_CC_CCS':5:'NaturalGas', 0.0
Operation, LowFuelCosts, GenFuelUseRate, 'N-NG_CC_CCS':6:'NaturalGas', 0.0
Operation, LowFuelCosts, GenFuelUseRate, 'N-NG_CC_CCS':7:'NaturalGas', 0.0
Operation, LowFuelCosts, GenFuelUseRate, 'N-NG_GT':1:'NaturalGas', 0.0
Operation, LowFuelCosts, GenFuelUseRate, 'N-NG_GT':2:'NaturalGas', 0.0
Operation, LowFuelCosts, GenFuelUseRate, 'N-NG_GT':3:'NaturalGas', 0.0
Operation, LowFuelCosts, GenFuelUseRate, 'N-NG_GT':4:'NaturalGas', 0.0
Operation, LowFuelCosts, GenFuelUseRate, 'N-NG_GT':5:'NaturalGas', 0.0
Operation, LowFuelCosts, GenFuelUseRate, 'N-NG_GT':6:'NaturalGas', 19.5332
Operation, LowFuelCosts, GenFuelUseRate, 'N-NG_GT':7:'NaturalGas', 0.0
Operation, LowFuelCosts, GenFuelUseRate, 'N-Nuclear':1:'Uranium', 0.0
Operation, LowFuelCosts, GenFuelUseRate, 'N-Nuclear':2:'Uranium', 0.0
Operation, LowFuelCosts, GenFuelUseRate, 'N-Nuclear':3:'Uranium', 0.0
Operation, LowFuelCosts, GenFuelUseRate, 'N-Nuclear':4:'Uranium', 0.0
Operation, LowFuelCosts, GenFuelUseRate, 'N-Nuclear':5:'Uranium', 0.0
Operation, LowFuelCosts, GenFuelUseRate, 'N-Nuclear':6:'Uranium', 0.0
Operation, LowFuelCosts, GenFuelUseRate, 'N-Nuclear':7:'Uranium', 0.0
Operation, LowFuelCosts, GenFuelUseRate, 'S-Biomass_IGCC':1:'BioSolid', 0.0
Operation, LowFuelCosts, GenFuelUseRate, 'S-Biomass_IGCC':2:'BioSolid', 0.0
Operation, LowFuelCosts, GenFuelUseRate, 'S-Biomass_IGCC':3:'BioSolid', 0.0
Operation, LowFuelCosts, GenFuelUseRate, 'S-Biomass_IGCC':4:'BioSolid', 0.0
Operation, LowFuelCosts, GenFuelUseRate, 'S-Biomass_IGCC':5:'BioSolid', 0.0
Operation, LowFuelCosts, GenFuelUseRate, 'S-Biomass_IGCC':6:'BioSolid', 0.0
Operation, LowFuelCosts, GenFuelUseRate, 'S-Biomass_IGCC':7:'BioSolid', 0.0
Operation, LowFuelCosts, GenFuelUseRate, 'S-Biomass_IGCC_CCS':1:'BioSolid', 0.0
Operation, LowFuelCosts, GenFuelUseRate, 'S-Biomass_IGCC_CCS':2:'BioSolid', 0.0
Operation, LowFuelCosts, GenFuelUseRate, 'S-Biomass_IGCC_CCS':3:'BioSolid', 0.0
Operation, LowFuelCosts, GenFuelUseRate, 'S-Biomass_IGCC_CCS':4:'BioSolid', 0.0
Operation, LowFuelCosts, GenFuelUseRate, 'S-Biomass_IGCC_CCS':5:'BioSolid', 0.0
Operation, LowFuelCosts, GenFuelUseRate, 'S-Biomass_IGCC_CCS':6:'BioSolid', 0.0
Operation, LowFuelCosts, GenFuelUseRate, 'S-Biomass_IGCC_CCS':7:'BioSolid', 0.0
Operation, LowFuelCosts, GenFuelUseRate, 'S-NG_CC':1:'NaturalGas', 22.9985188051
Operation, LowFuelCosts, GenFuelUseRate, 'S-NG_CC':2:'NaturalGas', 30.078772237
Operation, LowFuelCosts, GenFuelUseRate, 'S-NG_CC':3:'NaturalGas', 26.538645521
Operation, LowFuelCosts, GenFuelUseRate, 'S-NG_CC':4:'NaturalGas', 31.4948229234
Operation, LowFuelCosts, GenFuelUseRate, 'S-NG_CC':5:'NaturalGas', 31.5135
Operation, LowFuelCosts, GenFuelUseRate, 'S-NG_CC':6:'NaturalGas', 31.5135
Operation, LowFuelCosts, GenFuelUseRate, 'S-NG_CC':7:'NaturalGas', 4.05261968829
Operation, LowFuelCosts, GenFuelUseRate, 'S-NG_CC_CCS':1:'NaturalGas', 0.0
Operation, LowFuelCosts, GenFuelUseRate, 'S-NG_CC_CCS':2:'NaturalGas', 0.0
Operation, LowFuelCosts, GenFuelUseRate, 'S-NG_CC_CCS':3:'NaturalGas', 0.0
Operation, LowFuelCosts, GenFuelUseRate, 'S-NG_CC_CCS':4:'NaturalGas', 0.0
Operation, LowFuelCosts, GenFuelUseRate, 'S-NG_CC_CCS':5:'NaturalGas', 0.0
Operation, LowFuelCosts, GenFuelUseRate, 'S-NG_CC_CCS':6:'NaturalGas', 0.0
Operation, LowFuelCosts, GenFuelUseRate, 'S-NG_CC_CCS':7:'NaturalGas', 0.0
Operation, LowFuelCosts, GenFuelUseRate, 'S-NG_GT':1:'NaturalGas', 0.0
Operation, LowFuelCosts, GenFuelUseRate, 'S-NG_GT':2:'NaturalGas', 0.0
Operation, LowFuelCosts, GenFuelUseRate, 'S-NG_GT':3:'NaturalGas', 0.0
Operation, LowFuelCosts, GenFuelUseRate, 'S-NG_GT':4:'NaturalGas', 0.0
Operation, LowFuelCosts, GenFuelUseRate, 'S-NG_GT':5:'NaturalGas', 0.0
Operation, LowFuelCosts, GenFuelUseRate, 'S-NG_GT':6:'NaturalGas', 19.5332
Operation, LowFuelCosts, GenFuelUseRate, 'S-NG_GT':7:'NaturalGas', 0.0
Operation, MediumFuelCosts, DispatchGen, 'C-Biomass_IGCC':1, 0.0
Operation, MediumFuelCosts, DispatchGen, 'C-Biomass_IGCC':2, 0.0
Operation, MediumFuelCosts, DispatchGen, 'C-Biomass_IGCC':3, 0.0
Operation, MediumFuelCosts, DispatchGen, 'C-Biomass_IGCC':4, 0.0
Operation, MediumFuelCosts, DispatchGen, 'C-Biomass_IGCC':5, 0.0
Operation, MediumFuelCosts, DispatchGen, 'C-Biomass_IGCC':6, 0.0
Operation, MediumFuelCosts, DispatchGen, 'C-Biomass_IGCC':7, 0.0
Operation, MediumFuelCosts, DispatchGen, 'C-Central_PV-1':1, 0.0
Operation, MediumFuelCosts, DispatchGen, 'C-Central_PV-1':2, 0.0
Operation, MediumFuelCosts, DispatchGen, 'C-Central_PV-1':3, 0.0
Operation, MediumFuelCosts, DispatchGen, 'C-Central_PV-1':4, 0.0
Operation, MediumFuelCosts, DispatchGen, 'C-Central_PV-1':5, 0.0
Operation, MediumFuelCosts, DispatchGen, 'C-Central_PV-1':6, 0.0
Operation, MediumFuelCosts, DispatchGen, 'C-Central_PV-1':7, 0.0
Operation, MediumFuelCosts, DispatchGen, 'C-Central_PV-2':1, 0.0
Operation, MediumFuelCosts, DispatchGen, 'C-Central_PV-2':2, 0.0
Operation, MediumFuelCosts, DispatchGen, 'C-Central_PV-2':3, 0.0
Operation, MediumFuelCosts, DispatchGen, 'C-Central_PV-2':4, 0.0
Operation, MediumFuelCosts, DispatchGen, 'C-Central_PV-2':5, 0.0
Operation, MediumFuelCosts, DispatchGen, 'C-Central_PV-2':6, 0.0
Operation, MediumFuelCosts, DispatchGen, 'C-Central_PV-2':7, 0.0
Operation, MediumFuelCosts, DispatchGen, 'C-Coal_IGCC':1, 0.0
Operation, MediumFuelCosts, DispatchGen, 'C-Coal_IGCC':2, 0.0
Operation, MediumFuelCosts, DispatchGen, 'C-Coal_IGCC':3, 0.0
Operation, MediumFuelCosts, DispatchGen, 'C-Coal_IGCC':4, 0.0
Operation, MediumFuelCosts, DispatchGen, 'C-Coal_IGCC':5, 0.0
Operation, MediumFuelCosts, DispatchGen, 'C-Coal_IGCC':6, 0.0
Operation, MediumFuelCosts, DispatchGen, 'C-Coal_IGCC':7, 0.0
Operation, MediumFuelCosts, DispatchGen, 'C-Coal_ST':1, 1.8
Operation, MediumFuelCosts, DispatchGen, 'C-Coal_ST':2, 1.8
Operation, MediumFuelCosts, DispatchGen, 'C-Coal_ST':3, 1.8
Operation, MediumFuelCosts, DispatchGen, 'C-Coal_ST':4, 1.8
Operation, MediumFuelCosts, DispatchGen, 'C-Coal_ST':5, 1.8
Operation, MediumFuelCosts, DispatchGen, 'C-Coal_ST':6, 1.8
Operation, MediumFuelCosts, DispatchGen, 'C-Coal_ST':7, 0.0
Operation, MediumFuelCosts, DispatchGen, 'C-Commercial_PV':1, 0.0
Operation, MediumFuelCosts, DispatchGen, 'C-Commercial_PV':2, 0.0
Operation, MediumFuelCosts, DispatchGen, 'C-Commercial_PV':3, 0.0
Operation, MediumFuelCosts, DispatchGen, 'C-Commercial_PV':4, 0.0
Operation, MediumFuelCosts, DispatchGen, 'C-Commercial_PV':5, 0.0
Operation, MediumFuelCosts, DispatchGen, 'C-Commercial_PV':6, 0.0
Operation, MediumFuelCosts, DispatchGen, 'C-Commercial_PV':7, 0.0
Operation, MediumFuelCosts, DispatchGen, 'C-NG_CC':1, 2.76462736465
Operation, MediumFuelCosts, DispatchGen, 'C-NG_CC':2, 1.36789862724
Operation, MediumFuelCosts, DispatchGen, 'C-NG_CC':3, 2.10904834318
Operation, MediumFuelCosts, DispatchGen, 'C-NG_CC':4, 1.68468848997
Operation, MediumFuelCosts, DispatchGen, 'C-NG_CC':5, 2.26362992794
Operation, MediumFuelCosts, DispatchGen, 'C-NG_CC':6, 3.14508117177
Operation, MediumFuelCosts, DispatchGen, 'C-NG_CC':7, 6.21396372427
Operation, MediumFuelCosts, DispatchGen, 'C-NG_GT':1, 0.0
Operation, MediumFuelCosts, DispatchGen, 'C-NG_GT':2, 0.0
Operation, MediumFuelCosts, DispatchGen, 'C-NG_GT':3, 0.0
Operation, MediumFuelCosts, DispatchGen, 'C-NG_GT':4, 0.0
Operation, MediumFuelCosts, DispatchGen, 'C-NG_GT':5, 0.0
Operation, MediumFuelCosts, DispatchGen, 'C-NG_GT':6, 0.421251580318
Operation, MediumFuelCosts, DispatchGen, 'C-NG_GT':7, 0.0
Operation, MediumFuelCosts, DispatchGen, 'C-Nuclear':1, 0.0
Operation, MediumFuelCosts, DispatchGen, 'C-Nuclear':2, 0.0
Operation, MediumFuelCosts, DispatchGen, 'C-Nuclear':3, 0.0
Operation, MediumFuelCosts, DispatchGen, 'C-Nuclear':4, 0.0
Operation, MediumFuelCosts, DispatchGen, 'C-Nuclear':5, 0.0
Operation, MediumFuelCosts, DispatchGen, 'C-Nuclear':6, 0.0
Operation, MediumFuelCosts, DispatchGen, 'C-Nuclear':7, 0.0
Operation, MediumFuelCosts, DispatchGen, 'C-Residential_PV':1, 0.0
Operation, MediumFuelCosts, DispatchGen, 'C-Residential_PV':2, 0.0
Operation, MediumFuelCosts, DispatchGen, 'C-Residential_PV':3, 0.0
Operation, MediumFuelCosts, DispatchGen, 'C-Residential_PV':4, 0.0
Operation, MediumFuelCosts, DispatchGen, 'C-Residential_PV':5, 0.0
Operation, MediumFuelCosts, DispatchGen, 'C-Residential_PV':6, 0.0
Operation, MediumFuelCosts, DispatchGen, 'C-Residential_PV':7, 0.0
Operation, MediumFuelCosts, DispatchGen, 'C-Wind-1':1, 0.0
Operation, MediumFuelCosts, DispatchGen, 'C-Wind-1':2, 0.0
Operation, MediumFuelCosts, DispatchGen, 'C-Wind-1':3, 0.0
Operation, MediumFuelCosts, DispatchGen, 'C-Wind-1':4, 0.0
Operation, MediumFuelCosts, DispatchGen, 'C-Wind-1':5, 0.0
Operation, MediumFuelCosts, DispatchGen, 'C-Wind-1':6, 0.0
Operation, MediumFuelCosts, DispatchGen, 'C-Wind-1':7, 3.1808
Operation, MediumFuelCosts, DispatchGen, 'C-Wind-2':1, 0.0
Operation, MediumFuelCosts, DispatchGen, 'C-Wind-2':2, 0.0
Operation, MediumFuelCosts, DispatchGen, 'C-Wind-2':3, 0.0
Operation, MediumFuelCosts, DispatchGen, 'C-Wind-2':4, 0.0
Operation, MediumFuelCosts, DispatchGen, 'C-Wind-2':5, 0.0
Operation, MediumFuelCosts, DispatchGen, 'C-Wind-2':6, 0.0
Operation, MediumFuelCosts, DispatchGen, 'C-Wind-2':7, 2.56452
Operation, MediumFuelCosts, DispatchGen, 'N-Biomass_IGCC':1, 0.0
Operation, MediumFuelCosts, DispatchGen, 'N-Biomass_IGCC':2, 0.0
Operation, MediumFuelCosts, DispatchGen, 'N-Biomass_IGCC':3, 0.0
Operation, MediumFuelCosts, DispatchGen, 'N-Biomass_IGCC':4, 0.0
Operation, MediumFuelCosts, DispatchGen, 'N-Biomass_IGCC':5, 0.0
Operation, MediumFuelCosts, DispatchGen, 'N-Biomass_IGCC':6, 0.0
Operation, MediumFuelCosts, DispatchGen, 'N-Biomass_IGCC':7, 0.0
Operation, MediumFuelCosts, DispatchGen, 'N-Biomass_IGCC_CCS':1, 0.0
Operation, MediumFuelCosts, DispatchGen, 'N-Biomass_IGCC_CCS':2, 0.0
Operation, MediumFuelCosts, DispatchGen, 'N-Biomass_IGCC_CCS':3, 0.0
Operation, MediumFuelCosts, DispatchGen, 'N-Biomass_IGCC_CCS':4, 0.0
Operation, MediumFuelCosts, DispatchGen, 'N-Biomass_IGCC_CCS':5, 0.0
Operation, MediumFuelCosts, DispatchGen, 'N-Biomass_IGCC_CCS':6, 0.0
Operation, MediumFuelCosts, DispatchGen, 'N-Biomass_IGCC_CCS':7, 0.0
Operation, MediumFuelCosts, DispatchGen, 'N-Central_PV-1':1, 0.0
Operation, MediumFuelCosts, DispatchGen, 'N-Central_PV-1':2, 0.0
Operation, MediumFuelCosts, DispatchGen, 'N-Central_PV-1':3, 0.0
Operation, MediumFuelCosts, DispatchGen, 'N-Central_PV-1':4, 0.0
Operation, MediumFuelCosts, DispatchGen, 'N-Central_PV-1':5, 0.0
Operation, MediumFuelCosts, DispatchGen, 'N-Central_PV-1':6, 0.0
Operation, MediumFuelCosts, DispatchGen, 'N-Central_PV-1':7, 0.0
Operation, MediumFuelCosts, DispatchGen, 'N-Central_PV-2':1, 0.0
Operation, MediumFuelCosts, DispatchGen, 'N-Central_PV-2':2, 0.0
Operation, MediumFuelCosts, DispatchGen, 'N-Central_PV-2':3, 0.0
Operation, MediumFuelCosts, DispatchGen, 'N-Central_PV-2':4, 0.0
Operation, MediumFuelCosts, DispatchGen, 'N-Central_PV-2':5, 0.0
Operation, MediumFuelCosts, DispatchGen, 'N-Central_PV-2':6, 0.0
Operation, MediumFuelCosts, DispatchGen, 'N-Central_PV-2':7, 0.0
Operation, MediumFuelCosts, DispatchGen, 'N-Coal_IGCC':1, 0.0
Operation, MediumFuelCosts, DispatchGen, 'N-Coal_IGCC':2, 0.0
Operation, MediumFuelCosts, DispatchGen, 'N-Coal_IGCC':3, 0.0
Operation, MediumFuelCosts, DispatchGen, 'N-Coal_IGCC':4, 0.0
Operation, MediumFuelCosts, DispatchGen, 'N-Coal_IGCC':5, 0.0
Operation, MediumFuelCosts, DispatchGen, 'N-Coal_IGCC':6, 0.0
Operation, MediumFuelCosts, DispatchGen, 'N-Coal_IGCC':7, 0.0
Operation, MediumFuelCosts, DispatchGen, 'N-Coal_IGCC_CCS':1, 0.0
Operation, MediumFuelCosts, DispatchGen, 'N-Coal_IGCC_CCS':2, 0.0
Operation, MediumFuelCosts, DispatchGen, 'N-Coal_IGCC_CCS':3, 0.0
Operation, MediumFuelCosts, DispatchGen, 'N-Coal_IGCC_CCS':4, 0.0
Operation, MediumFuelCosts, DispatchGen, 'N-Coal_IGCC_CCS':5, 0.0
Operation, MediumFuelCosts, DispatchGen, 'N-Coal_IGCC_CCS':6, 0.0
Operation, MediumFuelCosts, DispatchGen, 'N-Coal_IGCC_CCS':7, 0.0
Operation, MediumFuelCosts, DispatchGen, 'N-Coal_ST':1, 1.8
Operation, MediumFuelCosts, DispatchGen, 'N-Coal_ST':2, 1.8
Operation, MediumFuelCosts, DispatchGen, 'N-Coal_ST':3, 1.8
Operation, MediumFuelCosts, DispatchGen, 'N-Coal_ST':4, 1.8
Operation, MediumFuelCosts, DispatchGen, 'N-Coal_ST':5, 1.8
Operation, MediumFuelCosts, DispatchGen, 'N-Coal_ST':6, 1.8
Operation, MediumFuelCosts, DispatchGen, 'N-Coal_ST':7, 1.8
Operation, MediumFuelCosts, DispatchGen, 'N-Commercial_PV':1, 0.0
Operation, MediumFuelCosts, DispatchGen, 'N-Commercial_PV':2, 0.0
Operation, MediumFuelCosts, DispatchGen, 'N-Commercial_PV':3, 0.0
Operation, MediumFuelCosts, DispatchGen, 'N-Commercial_PV':4, 0.0
Operation, MediumFuelCosts, DispatchGen, 'N-Commercial_PV':5, 0.0
Operation, MediumFuelCosts, DispatchGen, 'N-Commercial_PV':6, 0.0
Operation, MediumFuelCosts, DispatchGen, 'N-Commercial_PV':7, 0.0
Operation, MediumFuelCosts, DispatchGen, 'N-Geothermal':1, 0.96858075
Operation, MediumFuelCosts, DispatchGen, 'N-Geothermal':2, 0.96858075
Operation, MediumFuelCosts, DispatchGen, 'N-Geothermal':3, 0.96858075
Operation, MediumFuelCosts, DispatchGen, 'N-Geothermal':4, 0.96858075
Operation, MediumFuelCosts, DispatchGen, 'N-Geothermal':5, 0.96858075
Operation, MediumFuelCosts, DispatchGen, 'N-Geothermal':6, 0.96858075
Operation, MediumFuelCosts, DispatchGen, 'N-Geothermal':7, 0.96858075
Operation, MediumFuelCosts, DispatchGen, 'N-NG_CC':1, 1.88
Operation, MediumFuelCosts, DispatchGen, 'N-NG_CC':2, 1.45528408633
Operation, MediumFuelCosts, DispatchGen, 'N-NG_CC':3, 1.88
Operation, MediumFuelCosts, DispatchGen, 'N-NG_CC':4, 1.66647732814
Operation, MediumFuelCosts, DispatchGen, 'N-NG_CC':5, 1.45528408633
Operation, MediumFuelCosts, DispatchGen, 'N-NG_CC':6, 1.88
Operation, MediumFuelCosts, DispatchGen, 'N-NG_CC':7, 0.52092349506
Operation, MediumFuelCosts, DispatchGen, 'N-NG_CC_CCS':1, 0.0
Operation, MediumFuelCosts, DispatchGen, 'N-NG_CC_CCS':2, 0.0
Operation, MediumFuelCosts, DispatchGen, 'N-NG_CC_CCS':3, 0.0
Operation, MediumFuelCosts, DispatchGen, 'N-NG_CC_CCS':4, 0.0
Operation, MediumFuelCosts, DispatchGen, 'N-NG_CC_CCS':5, 0.0
Operation, MediumFuelCosts, DispatchGen, 'N-NG_CC_CCS':6, 0.0
Operation, MediumFuelCosts, DispatchGen, 'N-NG_CC_CCS':7, 0.0
Operation, MediumFuelCosts, DispatchGen, 'N-NG_GT':1, 0.0
Operation, MediumFuelCosts, DispatchGen, 'N-NG_GT':2, 0.0
Operation, MediumFuelCosts, DispatchGen, 'N-NG_GT':3, 0.0
Operation, MediumFuelCosts, DispatchGen, 'N-NG_GT':4, 0.0
Operation, MediumFuelCosts, DispatchGen, 'N-NG_GT':5, 0.0
Operation, MediumFuelCosts, DispatchGen, 'N-NG_GT':6, 1.68721650449
Operation, MediumFuelCosts, DispatchGen, 'N-NG_GT':7, 0.0
Operation, MediumFuelCosts, DispatchGen, 'N-Nuclear':1, 0.0
Operation, MediumFuelCosts, DispatchGen, 'N-Nuclear':2, 0.0
Operation, MediumFuelCosts, DispatchGen, 'N-Nuclear':3, 0.0
Operation, MediumFuelCosts, DispatchGen, 'N-Nuclear':4, 0.0
Operation, MediumFuelCosts, DispatchGen, 'N-Nuclear':5, 0.0
Operation, MediumFuelCosts, DispatchGen, 'N-Nuclear':6, 0.0
Operation, MediumFuelCosts, DispatchGen, 'N-Nuclear':7, 0.0
Operation, MediumFuelCosts, DispatchGen, 'N-Residential_PV':1, 0.0
Operation, MediumFuelCosts, DispatchGen, 'N-Residential_PV':2, 0.0
Operation, MediumFuelCosts, DispatchGen, 'N-Residential_PV':3, 0.0
Operation, MediumFuelCosts, DispatchGen, 'N-Residential_PV':4, 0.0
Operation, MediumFuelCosts, DispatchGen, 'N-Residential_PV':5, 0.0
Operation, MediumFuelCosts, DispatchGen, 'N-Residential_PV':6, 0.0
Operation, MediumFuelCosts, DispatchGen, 'N-Residential_PV':7, 0.0
Operation, MediumFuelCosts, DispatchGen, 'N-Wind-1':1, 0.0
Operation, MediumFuelCosts, DispatchGen, 'N-Wind-1':2, 0.0
Operation, MediumFuelCosts, DispatchGen, 'N-Wind-1':3, 0.0
Operation, MediumFuelCosts, DispatchGen, 'N-Wind-1':4, 0.0
Operation, MediumFuelCosts, DispatchGen, 'N-Wind-1':5, 0.0
Operation, MediumFuelCosts, DispatchGen, 'N-Wind-1':6, 0.0
Operation, MediumFuelCosts, DispatchGen, 'N-Wind-1':7, 3.1808
Operation, MediumFuelCosts, DispatchGen, 'N-Wind-2':1, 0.0
Operation, MediumFuelCosts, DispatchGen, 'N-Wind-2':2, 0.0
Operation, MediumFuelCosts, DispatchGen, 'N-Wind-2':3, 0.0
Operation, MediumFuelCosts, DispatchGen, 'N-Wind-2':4, 0.0
Operation, MediumFuelCosts, DispatchGen, 'N-Wind-2':5, 0.0
Operation, MediumFuelCosts, DispatchGen, 'N-Wind-2':6, 0.0
Operation, MediumFuelCosts, DispatchGen, 'N-Wind-2':7, 0.86478
Operation, MediumFuelCosts, DispatchGen, 'S-Biomass_IGCC':1, 0.0
Operation, MediumFuelCosts, DispatchGen, 'S-Biomass_IGCC':2, 0.0
Operation, MediumFuelCosts, DispatchGen, 'S-Biomass_IGCC':3, 0.0
Operation, MediumFuelCosts, DispatchGen, 'S-Biomass_IGCC':4, 0.0
Operation, MediumFuelCosts, DispatchGen, 'S-Biomass_IGCC':5, 0.0
Operation, MediumFuelCosts, DispatchGen, 'S-Biomass_IGCC':6, 0.0
Operation, MediumFuelCosts, DispatchGen, 'S-Biomass_IGCC':7, 0.0
Operation, MediumFuelCosts, DispatchGen, 'S-Biomass_IGCC_CCS':1, 0.0
Operation, MediumFuelCosts, DispatchGen, 'S-Biomass_IGCC_CCS':2, 0.0
Operation, MediumFuelCosts, DispatchGen, 'S-Biomass_IGCC_CCS':3, 0.0
Operation, MediumFuelCosts, DispatchGen, 'S-Biomass_IGCC_CCS':4, 0.0
Operation, MediumFuelCosts, DispatchGen, 'S-Biomass_IGCC_CCS':5, 0.0
Operation, MediumFuelCosts, DispatchGen, 'S-Biomass_IGCC_CCS':6, 0.0
Operation, MediumFuelCosts, DispatchGen, 'S-Biomass_IGCC_CCS':7, 0.0
Operation, MediumFuelCosts, DispatchGen, 'S-Central_PV-1':1, 0.0
Operation, MediumFuelCosts, DispatchGen, 'S-Central_PV-1':2, 0.0
Operation, MediumFuelCosts, DispatchGen, 'S-Central_PV-1':3, 0.0
Operation, MediumFuelCosts, DispatchGen, 'S-Central_PV-1':4, 0.0
Operation, MediumFuelCosts, DispatchGen, 'S-Central_PV-1':5, 0.0
Operation, MediumFuelCosts, DispatchGen, 'S-Central_PV-1':6, 0.0
Operation, MediumFuelCosts, DispatchGen, 'S-Central_PV-1':7, 0.0
Operation, MediumFuelCosts, DispatchGen, 'S-Central_PV-2':1, 0.0
Operation, MediumFuelCosts, DispatchGen, 'S-Central_PV-2':2, 0.0
Operation, MediumFuelCosts, DispatchGen, 'S-Central_PV-2':3, 0.0
Operation, MediumFuelCosts, DispatchGen, 'S-Central_PV-2':4, 0.0
Operation, MediumFuelCosts, DispatchGen, 'S-Central_PV-2':5, 0.0
Operation, MediumFuelCosts, DispatchGen, 'S-Central_PV-2':6, 0.0
Operation, MediumFuelCosts, DispatchGen, 'S-Central_PV-2':7, 0.0
Operation, MediumFuelCosts, DispatchGen, 'S-Commercial_PV':1, 0.0
Operation, MediumFuelCosts, DispatchGen, 'S-Commercial_PV':2, 0.0
Operation, MediumFuelCosts, DispatchGen, 'S-Commercial_PV':3, 0.0
Operation, MediumFuelCosts, DispatchGen, 'S-Commercial_PV':4, 0.0
Operation, MediumFuelCosts, DispatchGen, 'S-Commercial_PV':5, 0.0
Operation, MediumFuelCosts, DispatchGen, 'S-Commercial_PV':6, 0.0
Operation, MediumFuelCosts, DispatchGen, 'S-Commercial_PV':7, 0.0
Operation, MediumFuelCosts, DispatchGen, 'S-Geothermal':1, 2.90574225
Operation, MediumFuelCosts, DispatchGen, 'S-Geothermal':2, 2.90574225
Operation, MediumFuelCosts, DispatchGen, 'S-Geothermal':3, 2.90574225
Operation, MediumFuelCosts, DispatchGen, 'S-Geothermal':4, 2.90574225
Operation, MediumFuelCosts, DispatchGen, 'S-Geothermal':5, 2.90574225
Operation, MediumFuelCosts, DispatchGen, 'S-Geothermal':6, 2.90574225
Operation, MediumFuelCosts, DispatchGen, 'S-Geothermal':7, 2.90574225
Operation, MediumFuelCosts, DispatchGen, 'S-NG_CC':1, 3.43005500449
Operation, MediumFuelCosts, DispatchGen, 'S-NG_CC':2, 4.48602121357
Operation, MediumFuelCosts, DispatchGen, 'S-NG_CC':3, 3.95803810903
Operation, MediumFuelCosts, DispatchGen, 'S-NG_CC':4, 4.69721445539
Operation, MediumFuelCosts, DispatchGen, 'S-NG_CC':5, 4.7
Operation, MediumFuelCosts, DispatchGen, 'S-NG_CC':6, 4.7
Operation, MediumFuelCosts, DispatchGen, 'S-NG_CC':7, 0.604417552318
Operation, MediumFuelCosts, DispatchGen, 'S-NG_CC_CCS':1, 0.0
Operation, MediumFuelCosts, DispatchGen, 'S-NG_CC_CCS':2, 0.0
Operation, MediumFuelCosts, DispatchGen, 'S-NG_CC_CCS':3, 0.0
Operation, MediumFuelCosts, DispatchGen, 'S-NG_CC_CCS':4, 0.0
Operation, MediumFuelCosts, DispatchGen, 'S-NG_CC_CCS':5, 0.0
Operation, MediumFuelCosts, DispatchGen, 'S-NG_CC_CCS':6, 0.0
Operation, MediumFuelCosts, DispatchGen, 'S-NG_CC_CCS':7, 0.0
Operation, MediumFuelCosts, DispatchGen, 'S-NG_GT':1, 0.0
Operation, MediumFuelCosts, DispatchGen, 'S-NG_GT':2, 0.0
Operation, MediumFuelCosts, DispatchGen, 'S-NG_GT':3, 0.0
Operation, MediumFuelCosts, DispatchGen, 'S-NG_GT':4, 0.0
Operation, MediumFuelCosts, DispatchGen, 'S-NG_GT':5, 0.0
Operation, MediumFuelCosts, DispatchGen, 'S-NG_GT':6, 1.88
Operation, MediumFuelCosts, DispatchGen, 'S-NG_GT':7, 0.0
Operation, MediumFuelCosts, DispatchGen, 'S-Residential_PV':1, 0.0
Operation, MediumFuelCosts, DispatchGen, 'S-Residential_PV':2, 0.0
Operation, MediumFuelCosts, DispatchGen, 'S-Residential_PV':3, 0.0
Operation, MediumFuelCosts, DispatchGen, 'S-Residential_PV':4, 0.0
Operation, MediumFuelCosts, DispatchGen, 'S-Residential_PV':5, 0.0
Operation, MediumFuelCosts, DispatchGen, 'S-Residential_PV':6, 0.0
Operation, MediumFuelCosts, DispatchGen, 'S-Residential_PV':7, 0.0
Operation, MediumFuelCosts, GenFuelUseRate, 'C-Biomass_IGCC':1:'BioSolid', 0.0
Operation, MediumFuelCosts, GenFuelUseRate, 'C-Biomass_IGCC':2:'BioSolid', 0.0
Operation, MediumFuelCosts, GenFuelUseRate, 'C-Biomass_IGCC':3:'BioSolid', 0.0
Operation, MediumFuelCosts, GenFuelUseRate, 'C-Biomass_IGCC':4:'BioSolid', 0.0
Operation, MediumFuelCosts, GenFuelUseRate, 'C-Biomass_IGCC':5:'BioSolid', 0.0
Operation, MediumFuelCosts, GenFuelUseRate, 'C-Biomass_IGCC':6:'BioSolid', 0.0
Operation, MediumFuelCosts, GenFuelUseRate, 'C-Biomass_IGCC':7:'BioSolid', 0.0
Operation, MediumFuelCosts, GenFuelUseRate, 'C-Coal_IGCC':1:'Coal', 0.0
Operation, MediumFuelCosts, GenFuelUseRate, 'C-Coal_IGCC':2:'Coal', 0.0
Operation, MediumFuelCosts, GenFuelUseRate, 'C-Coal_IGCC':3:'Coal', 0.0
Operation, MediumFuelCosts, GenFuelUseRate, 'C-Coal_IGCC':4:'Coal', 0.0
Operation, MediumFuelCosts, GenFuelUseRate, 'C-Coal_IGCC':5:'Coal', 0.0
Operation, MediumFuelCosts, GenFuelUseRate, 'C-Coal_IGCC':6:'Coal', 0.0
Operation, MediumFuelCosts, GenFuelUseRate, 'C-Coal_IGCC':7:'Coal', 0.0
Operation, MediumFuelCosts, GenFuelUseRate, 'C-Coal_ST':1:'Coal', 17.1
Operation, MediumFuelCosts, GenFuelUseRate, 'C-Coal_ST':2:'Coal', 17.1
Operation, MediumFuelCosts, GenFuelUseRate, 'C-Coal_ST':3:'Coal', 17.1
Operation, MediumFuelCosts, GenFuelUseRate, 'C-Coal_ST':4:'Coal', 17.1
Operation, MediumFuelCosts, GenFuelUseRate, 'C-Coal_ST':5:'Coal', 17.1
Operation, MediumFuelCosts, GenFuelUseRate, 'C-Coal_ST':6:'Coal', 17.1
Operation, MediumFuelCosts, GenFuelUseRate, 'C-Coal_ST':7:'Coal', 0.0
Operation, MediumFuelCosts, GenFuelUseRate, 'C-NG_CC':1:'NaturalGas', 18.53682648
Operation, MediumFuelCosts, GenFuelUseRate, 'C-NG_CC':2:'NaturalGas', 9.17176029567
Operation, MediumFuelCosts, GenFuelUseRate, 'C-NG_CC':3:'NaturalGas', 14.141169141
Operation, MediumFuelCosts, GenFuelUseRate, 'C-NG_CC':4:'NaturalGas', 11.2958363252
Operation, MediumFuelCosts, GenFuelUseRate, 'C-NG_CC':5:'NaturalGas', 15.1776386668
Operation, MediumFuelCosts, GenFuelUseRate, 'C-NG_CC':6:'NaturalGas', 21.0877692567
Operation, MediumFuelCosts, GenFuelUseRate, 'C-NG_CC':7:'NaturalGas', 41.6646267712
Operation, MediumFuelCosts, GenFuelUseRate, 'C-NG_GT':1:'NaturalGas', 0.0
Operation, MediumFuelCosts, GenFuelUseRate, 'C-NG_GT':2:'NaturalGas', 0.0
Operation, MediumFuelCosts, GenFuelUseRate, 'C-NG_GT':3:'NaturalGas', 0.0
Operation, MediumFuelCosts, GenFuelUseRate, 'C-NG_GT':4:'NaturalGas', 0.0
Operation, MediumFuelCosts, GenFuelUseRate, 'C-NG_GT':5:'NaturalGas', 0.0
Operation, MediumFuelCosts, GenFuelUseRate, 'C-NG_GT':6:'NaturalGas', 4.3768039195
Operation, MediumFuelCosts, GenFuelUseRate, 'C-NG_GT':7:'NaturalGas', 0.0
Operation, MediumFuelCosts, GenFuelUseRate, 'C-Nuclear':1:'Uranium', 0.0
Operation, MediumFuelCosts, GenFuelUseRate, 'C-Nuclear':2:'Uranium', 0.0
Operation, MediumFuelCosts, GenFuelUseRate, 'C-Nuclear':3:'Uranium', 0.0
Operation, MediumFuelCosts, GenFuelUseRate, 'C-Nuclear':4:'Uranium', 0.0
Operation, MediumFuelCosts, GenFuelUseRate, 'C-Nuclear':5:'Uranium', 0.0
Operation, MediumFuelCosts, GenFuelUseRate, 'C-Nuclear':6:'Uranium', 0.0
Operation, MediumFuelCosts, GenFuelUseRate, 'C-Nuclear':7:'Uranium', 0.0
Operation, MediumFuelCosts, GenFuelUseRate, 'N-Biomass_IGCC':1:'BioSolid', 0.0
Operation, MediumFuelCosts, GenFuelUseRate, 'N-Biomass_IGCC':2:'BioSolid', 0.0
Operation, MediumFuelCosts, GenFuelUseRate, 'N-Biomass_IGCC':3:'BioSolid', 0.0
Operation, MediumFuelCosts, GenFuelUseRate, 'N-Biomass_IGCC':4:'BioSolid', 0.0
Operation, MediumFuelCosts, GenFuelUseRate, 'N-Biomass_IGCC':5:'BioSolid', 0.0
Operation, MediumFuelCosts, GenFuelUseRate, 'N-Biomass_IGCC':6:'BioSolid', 0.0
Operation, MediumFuelCosts, GenFuelUseRate, 'N-Biomass_IGCC':7:'BioSolid', 0.0
Operation, MediumFuelCosts, GenFuelUseRate, 'N-Biomass_IGCC_CCS':1:'BioSolid', 0.0
Operation, MediumFuelCosts, GenFuelUseRate, 'N-Biomass_IGCC_CCS':2:'BioSolid', 0.0
Operation, MediumFuelCosts, GenFuelUseRate, 'N-Biomass_IGCC_CCS':3:'BioSolid', 0.0
Operation, MediumFuelCosts, GenFuelUseRate, 'N-Biomass_IGCC_CCS':4:'BioSolid', 0.0
Operation, MediumFuelCosts, GenFuelUseRate, 'N-Biomass_IGCC_CCS':5:'BioSolid', 0.0
Operation, MediumFuelCosts, GenFuelUseRate, 'N-Biomass_IGCC_CCS':6:'BioSolid', 0.0
Operation, MediumFuelCosts, GenFuelUseRate, 'N-Biomass_IGCC_CCS':7:'BioSolid', 0.0
Operation, MediumFuelCosts, GenFuelUseRate, 'N-Coal_IGCC':1:'Coal', 0.0
Operation, MediumFuelCosts, GenFuelUseRate, 'N-Coal_IGCC':2:'Coal', 0.0
Operation, MediumFuelCosts, GenFuelUseRate, 'N-Coal_IGCC':3:'Coal', 0.0
Operation, MediumFuelCosts, GenFuelUseRate, 'N-Coal_IGCC':4:'Coal', 0.0
Operation, MediumFuelCosts, GenFuelUseRate, 'N-Coal_IGCC':5:'Coal', 0.0
Operation, MediumFuelCosts, GenFuelUseRate, 'N-Coal_IGCC':6:'Coal', 0.0
Operation, MediumFuelCosts, GenFuelUseRate, 'N-Coal_IGCC':7:'Coal', 0.0
Operation, MediumFuelCosts, GenFuelUseRate, 'N-Coal_IGCC_CCS':1:'Coal', 0.0
Operation, MediumFuelCosts, GenFuelUseRate, 'N-Coal_IGCC_CCS':2:'Coal', 0.0
Operation, MediumFuelCosts, GenFuelUseRate, 'N-Coal_IGCC_CCS':3:'Coal', 0.0
Operation, MediumFuelCosts, GenFuelUseRate, 'N-Coal_IGCC_CCS':4:'Coal', 0.0
Operation, MediumFuelCosts, GenFuelUseRate, 'N-Coal_IGCC_CCS':5:'Coal', 0.0
Operation, MediumFuelCosts, GenFuelUseRate, 'N-Coal_IGCC_CCS':6:'Coal', 0.0
Operation, MediumFuelCosts, GenFuelUseRate, 'N-Coal_IGCC_CCS':7:'Coal', 0.0
Operation, MediumFuelCosts, GenFuelUseRate, 'N-Coal_ST':1:'Coal', 16.2
Operation, MediumFuelCosts, GenFuelUseRate, 'N-Coal_ST':2:'Coal', 16.2
Operation, MediumFuelCosts, GenFuelUseRate, 'N-Coal_ST':3:'Coal', 16.2
Operation, MediumFuelCosts, GenFuelUseRate, 'N-Coal_ST':4:'Coal', 16.2
Operation, MediumFuelCosts, GenFuelUseRate, 'N-Coal_ST':5:'Coal', 16.2
Operation, MediumFuelCosts, GenFuelUseRate, 'N-Coal_ST':6:'Coal', 16.2
Operation, MediumFuelCosts, GenFuelUseRate, 'N-Coal_ST':7:'Coal', 16.2
Operation, MediumFuelCosts, GenFuelUseRate, 'N-NG_CC':1:'NaturalGas', 12.6054
Operation, MediumFuelCosts, GenFuelUseRate, 'N-NG_CC':2:'NaturalGas', 9.75767979881
Operation, MediumFuelCosts, GenFuelUseRate, 'N-NG_CC':3:'NaturalGas', 12.6054
Operation, MediumFuelCosts, GenFuelUseRate, 'N-NG_CC':4:'NaturalGas', 11.1737304852
Operation, MediumFuelCosts, GenFuelUseRate, 'N-NG_CC':5:'NaturalGas', 9.75767979881
Operation, MediumFuelCosts, GenFuelUseRate, 'N-NG_CC':6:'NaturalGas', 12.6054
Operation, MediumFuelCosts, GenFuelUseRate, 'N-NG_CC':7:'NaturalGas', 3.49279203438
Operation, MediumFuelCosts, GenFuelUseRate, 'N-NG_CC_CCS':1:'NaturalGas', 0.0
Operation, MediumFuelCosts, GenFuelUseRate, 'N-NG_CC_CCS':2:'NaturalGas', 0.0
Operation, MediumFuelCosts, GenFuelUseRate, 'N-NG_CC_CCS':3:'NaturalGas', 0.0
Operation, MediumFuelCosts, GenFuelUseRate, 'N-NG_CC_CCS':4:'NaturalGas', 0.0
Operation, MediumFuelCosts, GenFuelUseRate, 'N-NG_CC_CCS':5:'NaturalGas', 0.0
Operation, MediumFuelCosts, GenFuelUseRate, 'N-NG_CC_CCS':6:'NaturalGas', 0.0
Operation, MediumFuelCosts, GenFuelUseRate, 'N-NG_CC_CCS':7:'NaturalGas', 0.0
Operation, MediumFuelCosts, GenFuelUseRate, 'N-NG_GT':1:'NaturalGas', 0.0
Operation, MediumFuelCosts, GenFuelUseRate, 'N-NG_GT':2:'NaturalGas', 0.0
Operation, MediumFuelCosts, GenFuelUseRate, 'N-NG_GT':3:'NaturalGas', 0.0
Operation, MediumFuelCosts, GenFuelUseRate, 'N-NG_GT':4:'NaturalGas', 0.0
Operation, MediumFuelCosts, GenFuelUseRate, 'N-NG_GT':5:'NaturalGas', 0.0
Operation, MediumFuelCosts, GenFuelUseRate, 'N-NG_GT':6:'NaturalGas', 17.5301794816
Operation, MediumFuelCosts, GenFuelUseRate, 'N-NG_GT':7:'NaturalGas', 0.0
Operation, MediumFuelCosts, GenFuelUseRate, 'N-Nuclear':1:'Uranium', 0.0
Operation, MediumFuelCosts, GenFuelUseRate, 'N-Nuclear':2:'Uranium', 0.0
Operation, MediumFuelCosts, GenFuelUseRate, 'N-Nuclear':3:'Uranium', 0.0
Operation, MediumFuelCosts, GenFuelUseRate, 'N-Nuclear':4:'Uranium', 0.0
Operation, MediumFuelCosts, GenFuelUseRate, 'N-Nuclear':5:'Uranium', 0.0
Operation, MediumFuelCosts, GenFuelUseRate, 'N-Nuclear':6:'Uranium', 0.0
Operation, MediumFuelCosts, GenFuelUseRate, 'N-Nuclear':7:'Uranium', 0.0
Operation, MediumFuelCosts, GenFuelUseRate, 'S-Biomass_IGCC':1:'BioSolid', 0.0
Operation, MediumFuelCosts, GenFuelUseRate, 'S-Biomass_IGCC':2:'BioSolid', 0.0
Operation, MediumFuelCosts, GenFuelUseRate, 'S-Biomass_IGCC':3:'BioSolid', 0.0
Operation, MediumFuelCosts, GenFuelUseRate, 'S-Biomass_IGCC':4:'BioSolid', 0.0
Operation, MediumFuelCosts, GenFuelUseRate, 'S-Biomass_IGCC':5:'BioSolid', 0.0
Operation, MediumFuelCosts, GenFuelUseRate, 'S-Biomass_IGCC':6:'BioSolid', 0.0
Operation, MediumFuelCosts, GenFuelUseRate, 'S-Biomass_IGCC':7:'BioSolid', 0.0
Operation, MediumFuelCosts, GenFuelUseRate, 'S-Biomass_IGCC_CCS':1:'BioSolid', 0.0
Operation, MediumFuelCosts, GenFuelUseRate, 'S-Biomass_IGCC_CCS':2:'BioSolid', 0.0
Operation, MediumFuelCosts, GenFuelUseRate, 'S-Biomass_IGCC_CCS':3:'BioSolid', 0.0
Operation, MediumFuelCosts, GenFuelUseRate, 'S-Biomass_IGCC_CCS':4:'BioSolid', 0.0
Operation, MediumFuelCosts, GenFuelUseRate, 'S-Biomass_IGCC_CCS':5:'BioSolid', 0.0
Operation, MediumFuelCosts, GenFuelUseRate, 'S-Biomass_IGCC_CCS':6:'BioSolid', 0.0
Operation, MediumFuelCosts, GenFuelUseRate, 'S-Biomass_IGCC_CCS':7:'BioSolid', 0.0
Operation, MediumFuelCosts, GenFuelUseRate, 'S-NG_CC':1:'NaturalGas', 22.9985188051
Operation, MediumFuelCosts, GenFuelUseRate, 'S-NG_CC':2:'NaturalGas', 30.078772237
Operation, MediumFuelCosts, GenFuelUseRate, 'S-NG_CC':3:'NaturalGas', 26.538645521
Operation, MediumFuelCosts, GenFuelUseRate, 'S-NG_CC':4:'NaturalGas', 31.4948229234
Operation, MediumFuelCosts, GenFuelUseRate, 'S-NG_CC':5:'NaturalGas', 31.5135
Operation, MediumFuelCosts, GenFuelUseRate, 'S-NG_CC':6:'NaturalGas', 31.5135
Operation, MediumFuelCosts, GenFuelUseRate, 'S-NG_CC':7:'NaturalGas', 4.05261968829
Operation, MediumFuelCosts, GenFuelUseRate, 'S-NG_CC_CCS':1:'NaturalGas', 0.0
Operation, MediumFuelCosts, GenFuelUseRate, 'S-NG_CC_CCS':2:'NaturalGas', 0.0
Operation, MediumFuelCosts, GenFuelUseRate, 'S-NG_CC_CCS':3:'NaturalGas', 0.0
Operation, MediumFuelCosts, GenFuelUseRate, 'S-NG_CC_CCS':4:'NaturalGas', 0.0
Operation, MediumFuelCosts, GenFuelUseRate, 'S-NG_CC_CCS':5:'NaturalGas', 0.0
Operation, MediumFuelCosts, GenFuelUseRate, 'S-NG_CC_CCS':6:'NaturalGas', 0.0
Operation, MediumFuelCosts, GenFuelUseRate, 'S-NG_CC_CCS':7:'NaturalGas', 0.0
Operation, MediumFuelCosts, GenFuelUseRate, 'S-NG_GT':1:'NaturalGas', 0.0
Operation, MediumFuelCosts, GenFuelUseRate, 'S-NG_GT':2:'NaturalGas', 0.0
Operation, MediumFuelCosts, GenFuelUseRate, 'S-NG_GT':3:'NaturalGas', 0.0
Operation, MediumFuelCosts, GenFuelUseRate, 'S-NG_GT':4:'NaturalGas', 0.0
Operation, MediumFuelCosts, GenFuelUseRate, 'S-NG_GT':5:'NaturalGas', 0.0
Operation, MediumFuelCosts, GenFuelUseRate, 'S-NG_GT':6:'NaturalGas', 19.5332
Operation, MediumFuelCosts, GenFuelUseRate, 'S-NG_GT':7:'NaturalGas', 0.0
